Frequency,Aria,Composer,Language,Opera,Voice Type,Artist Category,Year
45,"Ach, ich fühl's",Mozart,German,Die Zauberflöte,Soprano,Filene,2019
25,Ain't it a pretty night,Floyd,English,Susannah,Soprano,Filene,2019
24,Jewel Song,Gounod,French,Faust,Soprano,Filene,2019
23,No word from Tom,Stravinsky,English,The Rake's Progress,Soprano,Filene,2019
21,Embroidery Aria,Britten,English,Peter Grimes,Soprano,Filene,2019
20,Caro nome,Verdi,Italian,Rigoletto,Soprano,Filene,2019
17,Deh vieni non tardar ,Mozart ,Italian ,Le nozze di Figaro ,Soprano,Filene,2019
17,Donde lieta uscì,Puccini,Italian,La bohème,Soprano,Filene,2019
17,Je dis que rien ne m'epouvante,Bizet,French,Carmen,Soprano,Filene,2019
17,Je suis encor tout étourdie,Massenet,French,Manon,Soprano,Filene,2019
17,Je veux vivre,Gounod,French,Roméo et Juliette,Soprano,Filene,2019
17,Regnava nel silencio,Donizetti,Italian,Lucia di Lammermoor,Soprano,Filene,2019
16,Dove sono,Mozart,Italian,Le nozze di Figaro,Soprano,Filene,2019
16,My darling Jim,Cipullo,English,Glory Denied,Soprano,Filene,2019
15,Non mi dir,Mozart,Italian,Don Giovanni,Soprano,Filene,2019
15,Presentation of the Rose,Strauss,German,Der Rosenkavalier,Soprano,Filene,2019
14,Come scoglio,Mozart,Italian,Così fan tutte,Soprano,Filene,2019
14,Dich teure Halle,Wagner,German,Tannhäuser,Soprano,Filene,2019
13,Csárdás,"Strauss, J",German ,Die Fledermaus,Soprano,Filene,2019
13,Mi tradì quell'alma ingrata,Mozart,Italian,Don Giovanni,Soprano,Filene,2019
13,Tu che di gel sei cinta,Puccini,Italian,Turandot,Soprano,Filene,2019
12,Depuis le jour,Charpentier,French,Louise,Soprano,Filene,2019
12,"Si, mi chiamano Mimì",Puccini,Italian,La bohème,Soprano,Filene,2019
12,Song to the Moon,Dvořák,Czech,Rusalka,Soprano,Filene,2019
11,Chi il bel sogno,Puccini,Italian,La Rondine,Soprano,Filene,2019
11,Durch Zärtlichkeit und Schmeicheln,Mozart,German,Die Entführung aus dem Serail,Soprano,Filene,2019
11,Gluck das mir verblieb,Korngold,German,Die tote Stadt,Soprano,Filene,2019
11,Quando m'en vo',Puccini,Italian,La bohème,Soprano,Filene,2019
10,"Das war sehr gut, Mandryka",Strauss,German,Arabella,Soprano,Filene,2019
10,"Prendi, per me sei libero",Donizetti,Italian,L'elisir d'amore,Soprano,Filene,2019
10,Quel guardo il cavaliere,Donizetti,Italian,Don Pasquale,Soprano,Filene,2019
10,"Robert, toi que j'aime",Meyerbeer,French ,Robert le diable,Soprano,Filene,2019
10,Sempre libera,Verdi,Italian,La traviata,Soprano,Filene,2019
9,"Ah, fuggi il traditor",W. A. Mozart,Italian,Don Giovanni,Soprano,Filene,2019
9,Emily's Goodbye Aria ,Rorem,English,Our Town,Soprano,Filene,2019
9,Glitter and Be Gay,Bernstein,English,Candide,Soprano,Filene,2019
9,O zittre nicht,Mozart,German,Die Zauberflöte,Soprano,Filene,2019
9,Stridono lassù,Leoncavallo,Italian,Pagliacci,Soprano,Filene,2019
8,Ach ich liebte,Mozart,German,Die Entführung aus dem Serail,Soprano,Filene,2019
8,Chacun le sait,Donizetti,French,La fille du régiment,Soprano,Filene,2019
8,I want magic!,Previn,English,A Streetcar Named Desire ,Soprano,Filene,2019
8,"Il est doux, il est bon",Massenet,French,Hérodiade,Soprano,Filene,2019
8,Tacea la notte placida,Verdi,Italian,Il Trovatore,Soprano,Filene,2019
7,Adieu notre petite table,Massenet,French,Manon,Soprano,Filene,2019
7,Ah! douce enfant,Massenet,French,Cendrillon,Soprano,Filene,2019
7,"Amour, ranime mon courage",Gounod,French,Roméo et Juliette,Soprano,Filene,2019
7,Come in quest ora bruna ,Verdi,Italian ,Simon Boccanegra,Soprano,Filene,2019
7,Comme autrefois,Bizet,French,Les pêcheurs de perles,Soprano,Filene,2019
7,Der Hölle Rache,Mozart,German,Die Zauberflöte,Soprano,Filene,2019
7,Oh! quante volte,Bellini,Italian ,I Capuleti e i Montecchi,Soprano,Filene,2019
7,"Padre, germani, addio",Mozart,Italian,Idomeneo,Soprano,Filene,2019
6,Da tempeste,Handel,Italian,Giulio Cesare,Soprano,Filene,2019
6,Down You Go,Dove,English,Flight,Soprano,Filene,2019
6,Du gai soleil ,Massenet ,French ,Werther ,Soprano,Filene,2019
6,How beautiful it is,Britten,English,The Turn of the Screw ,Soprano,Filene,2019
6,"Non, monsieur mon mari",Poulenc,French,Les mamelles de Tirésias,Soprano,Filene,2019
6,Silver Aria,Moore,English,The Ballad of Baby Doe,Soprano,Filene,2019
6,Sul fil d'un soffio etesio,Verdi,Italian,Falstaff,Soprano,Filene,2019
6,Vissi d'arte,Puccini,Italian,Tosca,Soprano,Filene,2019
5,"D'Oreste, d'Ajace",Mozart,Italian,Idomeneo,Soprano,Filene,2019
5,Do not utter a word,Barber,English,Vanessa,Soprano,Filene,2019
5,Du bist der Lenz,Wagner,German,Die Walküre,Soprano,Filene,2019
5,Einsam in trüben Tagen,Wagner,German,Lohengrin,Soprano,Filene,2019
5,Fire aria,Ravel,French,L'enfant et les sortilèges,Soprano,Filene,2019
5,Gavotte (Obéissons),Massenet,French,Manon,Soprano,Filene,2019
5,I can smell the sea air,Previn,English ,A Streetcar Named Desire,Soprano,Filene,2019
5,"Joy Beyond Measure, Mother",Adamo,English,Little Women,Soprano,Filene,2019
5,Mein Herr Marquis,"Strauss, J",German,Die Fledermaus,Soprano,Filene,2019
5,"Morrò, ma prima in grazia",Verdi,Italian,Un ballo in maschera,Soprano,Filene,2019
5,Or sai chi l'onore,Mozart,Italian,Don Giovanni,Soprano,Filene,2019
5,Par le rang... Salut à la France!,Donizetti,French,La fille du régiment,Soprano,Filene,2019
5,Tornami a vagheggiar,Handel,Italian,Alcina,Soprano,Filene,2019
5,Wo bin ich?,Humperdinck,German,Hänsel und Gretel,Soprano,Filene,2019
4,"Ah, non credea… Ah, non giunge",Bellini,Italian,La Sonnambula,Soprano,Filene,2019
4,Air de Lia,Debussy,French,L'enfant prodigue,Soprano,Filene,2019
4,"Batti, batti o bel Masetto",Mozart,Italian,Don Giovanni,Soprano,Filene,2019
4,Bel raggio lusinghier,Rossini,Italian,Semiramide ,Soprano,Filene,2019
4,But you do not know this man,Bolcom,English,A View from the Bridge,Soprano,Filene,2019
4,Divinités du Styx,Gluck,French ,Alceste,Soprano,Filene,2019
4,Ebben! Ne andrò lontana,Catalani,Italian,La Wally,Soprano,Filene,2019
4,Es gibt ein Reich,Strauss,German,Ariadne auf Naxos,Soprano,Filene,2019
4,Großmächtige Prinzessin,Strauss,German,Ariadne auf Naxos,Soprano,Filene,2019
4,Io son l'umile ancella,Cilea,Italian,Adriana Lecouvreur,Soprano,Filene,2019
4,Les oiseaux dans la charmille,Offenbach,French,Les contes d'Hoffmann,Soprano,Filene,2019
4,"Pace, pace mio Dio",Verdi,Italian,La forza del destino,Soprano,Filene,2019
4,Piangerò la sorte mia,Handel,Italian,Guilio Cesare,Soprano,Filene,2019
4,"Pleurez, pleurez mes yeux",Massenet,French,Le Cid,Soprano,Filene,2019
4,"Porgi, amor",Mozart,Italian,Le nozze di Figaro,Soprano,Filene,2019
4,"Qui la voce sua soave… Vien, diletto",Bellini,Italian,I Puritani,Soprano,Filene,2019
4,"Signore, ascolta",Puccini,Italian,Turandot,Soprano,Filene,2019
4,To this we've come,Menotti,English,The Consul,Soprano,Filene,2019
4,Trees on the Mountain,Floyd,English,Susannah,Soprano,Filene,2019
4,Un bel dì vedremo,Puccini,Italian,Madama Butterfly,Soprano,Filene,2019
4,Utzh polnoch blizitsya,Tchaikovsky,Russian,Pique Dame,Soprano,Filene,2019
4,Willow Song,Moore,English,The Ballad of Baby Doe,Soprano,Filene,2019
3,Atchevo eta prezhde ne znala,Tchaikovsky,Russian,Iolanta,Soprano,Filene,2019
3,Bester Jüngling,Mozart,German,Der Schauspieldirektor,Soprano,Filene,2019
3,"Come, now a roundel",Britten,English,A Midsummer Night's Dream,Soprano,Filene,2019
3,D'amor sull'ali rosée,Verdi,Italian ,Il Trovatore,Soprano,Filene,2019
3,Dearest Mama,Moore,English ,Ballade of Baby Doe,Soprano,Filene,2019
3,Dis-moi que je suis belle,Massenet,French,Thaïs,Soprano,Filene,2019
3,Egli non riede ancora… Non so le tetre immagini,Verdi,Italian,Il corsaro,Soprano,Filene,2019
3,I am the wife of Mao Tse-tung,Adams,English,Nixon in China,Soprano,Filene,2019
3,In quelle trine morbide,Puccini,Italian,Manon Lescaut,Soprano,Filene,2019
3,Letter Scene,Tchaikovsky,Russian,Eugene Onegin,Soprano,Filene,2019
3,Martern aller Arten,Mozart,German,Die Entführung aus dem Serail,Soprano,Filene,2019
3,Meine Lippen sie küssen so heiss,Lehàr,German,Giuditta,Soprano,Filene,2019
3,Nun eilt herbei,Nicolai,German,Die lustigen Weiber von Windsor,Soprano,Filene,2019
3,O luce di quest'anima,Donizetti,Italian,Linda di Chamounix,Soprano,Filene,2019
3,Ritorna vincitor,Verdi,Italian,Aida,Soprano,Filene,2019
3,"Sola, perduta, abbandonata",Puccini,Italian,Manon Lescaut,Soprano,Filene,2019
3,Sombre forêt,Rossini,French,Guillaume Tell,Soprano,Filene,2019
3,"Steal me, sweet thief",Menotti,English,The Old Maid and the Thief,Soprano,Filene,2019
3,"Tu puniscimi, o Signore",Verdi,Italian,Luisa Miller,Soprano,Filene,2019
2,Abscheulicher!,Beethoven,German,Fidelio,Soprano,Filene,2019
2,"Addio, del passato",Verdi,Italian,La Traviata,Soprano,Filene,2019
2,After you hear me out,Cipullo,English,Glory Denied,Soprano,Filene,2019
2,Ardon gl'incensi… Spargi d'amaro pianto,Donizetti,Italian,Lucia di Lammermoor,Soprano,Filene,2019
2,Be Kind and Courteous,Britten,English,A Midsummer Night's Dream,Soprano,Filene,2019
2,Che fiero momento,Gluck,Italian,Orfeo ed Euridice,Soprano,Filene,2019
2,Col sorriso d'innocenza.,Bellini,Italian,il pirata,Soprano,Filene,2019
2,Die Wiener Herrn,Strauss,German,Arabella,Soprano,Filene,2019
2,Elle a fui,Offenbach,French,Les contes d'Hoffmann,Soprano,Filene,2019
2,Have Peace Jo,Adamo,English,Little Women,Soprano,Filene,2019
2,Kommt ein schlanker Bursch gegangen,Weber,German,Der Freischütz,Soprano,Filene,2019
2,L'altra notte in fondo al mare,Boito,Italian,Mefistofele,Soprano,Filene,2019
2,"Mes filles, voilà que s'achève",Poulenc,French,Dialogues des Carmelites,Soprano,Filene,2019
2,My man's gone now,Gershwin,English,Porgy and Bess,Soprano,Filene,2019
2,O wär' ich schon mit dir vereint,Beethoven,German,Fidelio,Soprano,Filene,2019
2,Ophelie's Mad Scene,Thomas,French,Hamlet,Soprano,Filene,2019
2,Per pietà,Mozart ,Italian ,Così fan tutte,Soprano,Filene,2019
2,Piangete voi... Al dolce guidami,Donizetti,Italian,Anna Bolena,Soprano,Filene,2019
2,S'altro che lacrime,Mozart,Italian,La clemenza di Tito,Soprano,Filene,2019
2,Sein wir wieder gut ,Strauss ,German ,Ariadne auf Naxos ,Soprano,Filene,2019
2,Senza mamma,Puccini,Italian,Suor Angelica,Soprano,Filene,2019
2,She must stay,Corigliano,English,The Ghosts of Versailles,Soprano,Filene,2019
2,Summertime,Gershwin,English,Porgy and Bess,Soprano,Filene,2019
2,Una voce poco fa ,Rossini ,Italian ,Il barbiere di Siviglia ,Soprano,Filene,2019
2,Und ob die Wolke,Weber,German,Der Freischütz,Soprano,Filene,2019
2,Volta la terrea,Verdi,Italian,Un ballo in maschera,Soprano,Filene,2019
1,Ah! Snow falls,Henze,English,Elegy for Young Lovers,Soprano,Filene,2019
1,Al destin che la minaccia,Mozart,Italian,"Mitridate, re di Ponto",Soprano,Filene,2019
1,Al dolce guidami,Donizetti,Italian,Anna Bolena,Soprano,Filene,2019
1,At the Haunted End of the Day,Walton,English,Troilus and Cressida,Soprano,Filene,2019
1,Bea's Aria,Heggie,English,Three Decembers,Soprano,Filene,2019
1,Bell Song,Delibes,French,Lakme,Soprano,Filene,2019
1,Best Thing of All,Blitzstein,English,Regina,Soprano,Filene,2019
1,Black Swan,Menotti,English,The Medium,Soprano,Filene,2019
1,Care compagne,Bellini,Italian,La Sonnambula,Soprano,Filene,2019
1,Chers Corinthiens,Milhaud,French,Médée,Soprano,Filene,2019
1,Com'è bello,Donizetti,Italian,Lucrezia Borgia,Soprano,Filene,2019
1,Come per me sereno,Bellini,Italian,La sonnambula,Soprano,Filene,2019
1,"Cristóbal, Cristóbal",Catán,Spanish,Florencia en el Amazonas,Soprano,Filene,2019
1,De España vengo,Luna,Spanish,El Niño Judío ,Soprano,Filene,2019
1,Deh se piacer mi vuoi ,Mozart ,Italian ,La Clemenza di Tito ,Soprano,Filene,2019
1,Der Männer sippe,Wagner ,German ,Die Walküre ,Soprano,Filene,2019
1,Ecco l'orrido campo... Ma dall'arido stelo divulsa,Verdi,Italian,Un ballo in maschera,Soprano,Filene,2019
1,Einst träumte meiner sel'gen Base,Weber,German,Der Freischütz,Soprano,Filene,2019
1,En vain j'espère,Meyerbeer,French,Robert le diable,Soprano,Filene,2019
1,"Enfin, je suis ici! ",Massenet,French ,Cendrillon ,Soprano,Filene,2019
1,Entweihte Götter,Wagner,German,Lohengrin,Soprano,Filene,2019
1,Give me my robe,Barber,English,Antony and Cleopatra,Soprano,Filene,2019
1,Give me nobody without your soul,Still,English,Blue Steel,Soprano,Filene,2019
1,Hier lacht die goldnes Frühlingssonne,Marschner,German,Der Vampyr ,Soprano,Filene,2019
1,His name is Jan,Mazzoli,English,Breaking the Waves,Soprano,Filene,2019
1,I aways carry a handmirror,Argento,English,Postcard from Morocco,Soprano,Filene,2019
1,I remind myself that grief is passion ,Crean ,English ,The Times are Nightfall ,Soprano,Filene,2019
1,I was told there was once,Aucoin,English,Crossing,Soprano,Filene,2019
1,I'm told I'm a citizen,Bond,English,Mrs. President,Soprano,Filene,2019
1,Il m'en souvient,Berlioz,French,Béatrice et Bénédict,Soprano,Filene,2019
1,Il tuo sangue o il mio amore,Puccini,Italian,Tosca,Soprano,Filene,2019
1,Il va venir,Halévy,French,La juive,Soprano,Filene,2019
1,Ist's wahr,Ullmann,German,Der Kaiser von Atlantis,Soprano,Filene,2019
1,"Krystyna, why are you crying",Heggie,English,Out of Darkness,Soprano,Filene,2019
1,L'empio rigor del fato,Handel,Italian,Rodelinda,Soprano,Filene,2019
1,L'ho perduta,Mozart,Italian,Le nozze di Figaro,Soprano,Filene,2019
1,La luce langue,Verdi,Italian,Macbeth,Soprano,Filene,2019
1,"Leise, leise",Weber,German,Die Freischütz,Soprano,Filene,2019
1,Les Grecs ont disparu… Malheureux roi!,Berlioz,Franch ,Les Troyens,Soprano,Filene,2019
1,Lia's Aria,Debussy,French,L'enfant prodigue,Soprano,Filene,2019
1,Lied der Lulu,Berg,German,Lulu,Soprano,Filene,2019
1,Lionnet,Blitzstein,English,Regina,Soprano,Filene,2019
1,"Loved one, beloved",Dun,English,Tea: a mirror of soul,Soprano,Filene,2019
1,Lyudmila's Cavatina,Glinka,Russian,Ruslan i Lyudmila,Soprano,Filene,2019
1,Mary's Aria,Heggie,English,It's a Wonderful Life,Soprano,Filene,2019
1,Mother's Aria,Humperdinck,German,Hänsel und Gretel,Soprano,Filene,2019
1,Myself I shall adore,Handel,English,Semele,Soprano,Filene,2019
1,Nina's Aria,Pasatieri,English,The Seagull,Soprano,Filene,2019
1,Non disperar,Handel,Italian,Giulio Cesare,Soprano,Filene,2019
1,Non mi resta,Mascagni,Italian,L'amico Fritz,Soprano,Filene,2019
1,Non pianger mia compagna,Verdi,Italian ,Don Carlo,Soprano,Filene,2019
1,Non più di fiori,Mozart,Italian,La clemenza di Tito,Soprano,Filene,2019
1,O Dieu Brahma,Bizet,French,Les pêcheurs de perles,Soprano,Filene,2019
1,O malheureuse Iphigénie,Gluck,French,Iphigénie en Tauride,Soprano,Filene,2019
1,O mio babbino caro,Puccini,Italian,Gianni Schicchi,Soprano,Filene,2019
1,O toi qui prolongeas mes jours,Gluck,French,Iphigénie en Tauride,Soprano,Filene,2019
1,"O, ne rydaĭ, moĭ Paolo",Rachmaninoff,Russian,Francesca da Rimini,Soprano,Filene,2019
1,Och jaky zal,Smetana,Czech,The Bartered Bride,Soprano,Filene,2019
1,Oh! That I On Wings Could Rise,Handel,English,Theodora,Soprano,Filene,2019
1,Ombre pallide,Handel,Italian,Alcina,Soprano,Filene,2019
1,Où va la jeune Indoue,Delibes,French,Lakmé,Soprano,Filene,2019
1,Parmi les pleurs,Meyerbeer,French,Les Huguenots,Soprano,Filene,2019
1,Quelle ivresse bonheur suprême,Verdi,French,Jérusalem ,Soprano,Filene,2019
1,Samantha's Aria,Perla,English,Love/Hate,Soprano,Filene,2019
1,Se il padre perdei,Mozart,Italian,Idomeneo,Soprano,Filene,2019
1,Son pochi fiori,Mascagni,Italian,L'amico Fritz,Soprano,Filene,2019
1,Sorry her lot,Sullivan,English ,H.M.S. Pinafore,Soprano,Filene,2019
1,Sur mes genoux,Meyerbeer,French,L'Africaine,Soprano,Filene,2019
1,This is prophetic,Adams,English,Nixon in China,Soprano,Filene,2019
1,Tiger! Wetze nur die Klauen,Mozart,German,Zaide,Soprano,Filene,2019
1,Traft ihr das Schiff,Wagner,German,Der fliegende Holländer,Soprano,Filene,2019
1,Traurigkeit ward mir zum lose,Mozart,German,Die Entführung aus dem Serail,Soprano,Filene,2019
1,Tu che le vanità,Verdi,Italian,Don Carlo,Soprano,Filene,2019
1,"Tu, tu piccolo iddio",Puccini,Italian,Madama Butterfly,Soprano,Filene,2019
1,Tutte le feste al tempio,Verdi,Italian,Rigoletto,Soprano,Filene,2019
1,Tutte nel cor,Mozart,Italian,Idomeneo,Soprano,Filene,2019
1,V’adoro pupille,Handel,Italian,Giulio Cesare,Soprano,Filene,2019
1,Vanne lungi dal mio petto,Handel,Italian,Amadigi di Gaula,Soprano,Filene,2019
1,Veil is Rent,Susa,English,The Dangerous Liaisons,Soprano,Filene,2019
1,Vilja Lied,Lehár,German,Die lustige Witwe,Soprano,Filene,2019
1,What will it be for me?,Blitzstein,English,Regina,Soprano,Filene,2019
1,"Where is the old, warm world?",Harbison,English,The Great Gatsby,Soprano,Filene,2019
1,While I waste these precious hours,Menotti,Italian,Amelia al Ballo,Soprano,Filene,2019
1,Who is there to love me?,Barber,English,A Hand of Bridge,Soprano,Filene,2019
1,Wie umgibst du mich,Strauss ,German,Der Liebe der Danae,Soprano,Filene,2019
1,Wird Philomena Trauern,Weber,German,Abu Hassan,Soprano,Filene,2019
1,Zeffiretti lusinghieri,Mozart,italian,Idomeneo,Soprano,Filene,2019
37,Ach ich fühl's,Mozart,German,Die Zauberflöte,Soprano,Studio,2019
16,Deh vieni non tardar,Mozart,Italian,Le nozze di Figaro,Soprano,Studio,2019
15,Durch Zärtlichkeit,Mozart,German,Die Entführung aus dem Serail,Soprano,Studio,2019
15,Emily's Goodbye Aria,Rorem,English,Our Town,Soprano,Studio,2019
14,Je dis que rien ne m'epouvante,Bizet,French,Carmen,Soprano,Studio,2019
13,Ain't it a pretty night,Floyd,English,Susannah,Soprano,Studio,2019
13,Come scoglio,Mozart,Italian,Così fan tutte,Soprano,Studio,2019
13,Quando m'en vo,Puccini,Italian,La bohème,Soprano,Studio,2019
12,Du gai soleil,Massenet,French,Werther,Soprano,Studio,2019
11,Je suis encor,Massenet,French,Manon,Soprano,Studio,2019
11,Silver Aria,Moore,English,The Ballad of Baby Doe,Soprano,Studio,2019
11,Tornami a vagheggiar,Handel,Italian,Alcina,Soprano,Studio,2019
10,Caro nome,Verdi,Italian ,Rigoletto,Soprano,Studio,2019
10,Quel guardo il cavaliere,Donizetti,Italian,Don Pasquale,Soprano,Studio,2019
9,Chacun le sait,Donizetti,French,La fille du régiment,Soprano,Studio,2019
9,Prendi per me sei libero ,Donizetti,Italian,L'elisir d'amore,Soprano,Studio,2019
8,Chi il bel sogno,Puccini,Italian,La rondine,Soprano,Studio,2019
8,Donde lieta uscì,Puccini,Italian,La bohème,Soprano,Studio,2019
8,Dove sono,Mozart,Italian,Le nozze di Figaro,Soprano,Studio,2019
8,Je veux vivre,Gounod,French,Romèo et Juliette,Soprano,Studio,2019
8,My darling Jim,Cipullo,English,Glory Denied,Soprano,Studio,2019
8,O luce di quest anima,Donizetti,Italian,Linda di Chamounix,Soprano,Studio,2019
8,O wär ich schon mit dir vereint ,Beethoven ,German ,Fidelio ,Soprano,Studio,2019
8,"Padre, germani, addio!",Mozart,Italian,Idomeneo,Soprano,Studio,2019
8,Piangerò la sorte mia,Handel,Italian,Giulio Cesare,Soprano,Studio,2019
7,"Ah, non credea… Ah, non giunge ",Bellini ,Italian ,La sonnambula ,Soprano,Studio,2019
7,Embroidery Aria,Britten,English,Peter Grimes,Soprano,Studio,2019
7,Glitter and be gay,Bernstein,English,Candide,Soprano,Studio,2019
7,"Il est doux, il est bon",Massenet,French,Herodiade,Soprano,Studio,2019
7,No word from Tom,Stravinsky,English,The Rake's Progress,Soprano,Studio,2019
7,Porgi amor,Mozart,Italian,Le nozze di Figaro,Soprano,Studio,2019
6,Dearest Mama,Moore,English,The Ballad of Baby Doe,Soprano,Studio,2019
6,"Glück, das mir verblieb",Korngold,German,Die tote Stadt,Soprano,Studio,2019
6,Jewel Song,Gounod,French ,Faust ,Soprano,Studio,2019
6,"Si, mi chiamano Mimì",Puccini ,Italian ,La bohème ,Soprano,Studio,2019
5,"Adieu, notre petite table",Massenet,French,Manon,Soprano,Studio,2019
5,Be kind and courteous,Britten,English,A Midsummer Night's Dream,Soprano,Studio,2019
5,Comme autrefois,Bizet,French,Les pêcheurs de perles,Soprano,Studio,2019
5,Depuis le jour,Charpentier,French,Louise,Soprano,Studio,2019
5,Fire Aria,Ravel,French,L'enfant et les sortilèges,Soprano,Studio,2019
5,How beautiful it is,Britten,English,Turn of the Screw,Soprano,Studio,2019
5,Presentation of the Rose,Strauss,German,Der Rosenkavalier,Soprano,Studio,2019
5,Sul fil d'un soffio etesio,Verdi,Italian,Falstaff,Soprano,Studio,2019
5,Willow Song,Moore,English ,The Ballad of Baby Doe ,Soprano,Studio,2019
5,Wo bin ich?,Humperdinck,German,Hänsel und Gretel,Soprano,Studio,2019
4,Air de Lia,Debussy,French,L'enfant prodigue,Soprano,Studio,2019
4,"Das war sehr gut, Mandryka",Strauss,German,Arabella,Soprano,Studio,2019
4,Der Hölle Rache,Mozart,German,Die Zauberflöte,Soprano,Studio,2019
4,Dich teure Halle,Wagner,German,Tannhäuser,Soprano,Studio,2019
4,Es gibt ein Reich,Strauss,German,Ariadne auf Naxos,Soprano,Studio,2019
4,Gavotte,Massenet,French,Manon,Soprano,Studio,2019
4,Non mi dir,Mozart,Italian,Don Giovanni,Soprano,Studio,2019
4,O zittre nicht,Mozart,German,Die Zauberflöte,Soprano,Studio,2019
4,Regnava nel silenzio,Donizetti,Italian,Lucia di Lammermoor,Soprano,Studio,2019
4,Song to the Moon,Dvorák,Czech,Rusalka,Soprano,Studio,2019
4,"Steal me, sweet thief",Menotti,English,The Old Maid and The Thief,Soprano,Studio,2019
4,Stridono lassù ,Leoncavallo,Italian,I pagliacci ,Soprano,Studio,2019
3,Ah! douce enfant,Massenet,French,Cendrillon,Soprano,Studio,2019
3,"Amour, ranime mon courage",Gounod,French,Romèo et Juliette,Soprano,Studio,2019
3,"Batti, batti o bel Masetto",Mozart,Italian,Don Giovanni,Soprano,Studio,2019
3,Controller's Aria (Down you go),Dove,English,Flight,Soprano,Studio,2019
3,"D'Oreste, d'Ajace",Mozart,Italian,Idomeneo,Soprano,Studio,2019
3,Da tempeste il legno infranto,Handel,Italian ,Giulio Cesare ,Soprano,Studio,2019
3,Großmächtige Prinzessin,Strauss,German,Ariadne auf Naxos,Soprano,Studio,2019
3,I can smell the sea air...,Previn,English,A Streetcar Named Desire,Soprano,Studio,2019
3,I want magic!,Previn,English,A Streetcar Named Desire,Soprano,Studio,2019
3,"In uomini, in soldati",Mozart,Italian,Così fan tutte,Soprano,Studio,2019
3,Laurie’s Song,Copland,English,The Tender Land,Soprano,Studio,2019
3,Mein Herr Marquis,"Strauss, J",German,Die Fledermaus,Soprano,Studio,2019
3,Neghittosi or voi che fate,Handel,Italian,Ariodante,Soprano,Studio,2019
3,"Pleurez, pleurez mes yeux",Massenet,French,Le Cid,Soprano,Studio,2019
3,Sempre libera,Verdi,,La traviata,Soprano,Studio,2019
3,Spiel' ich die Unschuld vom Lande,"Strauss, J",German,Die Fledermaus,Soprano,Studio,2019
3,Tu che di gel sei cinta,Puccini,Italian,Turandot,Soprano,Studio,2019
3,Volta la terrea,Verdi,Italian,Un ballo in maschera,Soprano,Studio,2019
3,Zeffiretti lusinghieri,Mozart,Italian,Idomeneo,Soprano,Studio,2019
2,Adelaide's Aria,Dove,English,The Enchanted Pig,Soprano,Studio,2019
2,"Ah, douce enfant",Massenet,French,Cendrillon,Soprano,Studio,2019
2,"Ah, fuggi il traditor",Mozart,Italian ,Don Giovanni,Soprano,Studio,2019
2,Csárdás,Strauss,German,Die Fledermaus,Soprano,Studio,2019
2,Dis-moi que je suis belle,Massenet,French,Thaïs,Soprano,Studio,2019
2,Do not utter a word,Barber,English,Vanessa,Soprano,Studio,2019
2,"Elle fui, la tourterelle",Offenbach,French,Les contes d'Hoffmann,Soprano,Studio,2019
2,I have dreamt,Herrmann,English,Wuthering Heights,Soprano,Studio,2019
2,Io son l'umile ancella,Cilea,Italian,Adriana Lecouvreur,Soprano,Studio,2019
2,Kommt ein schlanker Bursch gegangen,Weber,German,Der Freischütz,Soprano,Studio,2019
2,Krystyna Zywulska's Aria,Heggie,English,Out of Darkness,Soprano,Studio,2019
2,Les oiseaux dans le charmille,Offenbach,French,Les contes d'Hoffmann,Soprano,Studio,2019
2,Lusinghe più care,Handel,Italian,Alessandro,Soprano,Studio,2019
2,Mi tradí quel'alma ingrato,Mozart,Italian,Don Giovanni,Soprano,Studio,2019
2,"Morró, ma prima in grazia",Verdi,Italian,Un ballo in maschera,Soprano,Studio,2019
2,My man's gone now,Gershwin,English,Porgy and Bess,Soprano,Studio,2019
2,Non disperar,Handel,Italian,Giulio Cesare,Soprano,Studio,2019
2,Nun eilt herbei,Nicolai,,Die lustigen Weiber von Windsor,Soprano,Studio,2019
2,O quante volte,Bellini,Italian,I Capuleti e i Montecchi ,Soprano,Studio,2019
2,Où va la jeune indoue,Delibes,French,Lakmé,Soprano,Studio,2019
2,"Pace, pace mio Dio",Verdi,Italian,La forza del destino,Soprano,Studio,2019
2,Poor wand'ring one ,Sullivan,English ,Pirates of Penzance,Soprano,Studio,2019
2,Ruhe sanft,Mozart,German,Zaide,Soprano,Studio,2019
2,S'altro che lagrime,Mozart,Italian,La clemenza di Tito,Soprano,Studio,2019
2,Se'l mio duol,Handel,italian,Rodelinda,Soprano,Studio,2019
2,"Signore, ascolta! ",Puccini,Italian,Turandot,Soprano,Studio,2019
2,Snegurochka's Aria ,Rimsky-Korsakov,Russian,The Snowmaiden,Soprano,Studio,2019
2,Tatiana's Letter Scene,Tchaikovsky ,Russian,Eugene Onegin,Soprano,Studio,2019
2,To this we've come,Menotti,English,The Consul,Soprano,Studio,2019
2,Und ob die Wolke,Weber,German,Der Freischütz,Soprano,Studio,2019
2,Vilja-Lied,Lehar,German,Die lustige Witwe,Soprano,Studio,2019
2,What good would the moon be,Weill,English,Street Scene,Soprano,Studio,2019
1,Ach Ich liebte,Mozart,German,Die Entführung aus dem Serail,Soprano,Studio,2019
1,Addio del passato,Verdi,Italian ,La traviata,Soprano,Studio,2019
1,Aux langueurs d'Apollon,Rameau,French,Platée,Soprano,Studio,2019
1,Bel raggio lusinghier,Rossini,Italian ,Semiramide,Soprano,Studio,2019
1,Bester Jungling,Mozart,German,Der Schauspieldirektor,Soprano,Studio,2019
1,Care compagne,Bellini,Italian,La sonnambula,Soprano,Studio,2019
1,Col sorriso d'innocenza,Bellini,Italian,Il pirata,Soprano,Studio,2019
1,Come per me......Sovra il sen,Bellini,Italian,La sonnambula,Soprano,Studio,2019
1,"Come, now a roundel",Britten,English,A Midsummer Night's Dream,Soprano,Studio,2019
1,Dede's Aria ,Bernstein,English ,A Quiet Place ,Soprano,Studio,2019
1,Deh! proteggimi o Dio,Bellini,Italian,Norma,Soprano,Studio,2019
1,Di piacer mi balza il cor,Rossini,Italian ,La gazza ladra,Soprano,Studio,2019
1,Did he marry me to famish me?,Giannini,English,The Taming of the Shrew,Soprano,Studio,2019
1,Du bist der Lenz,Wagner,German,Die Walküre,Soprano,Studio,2019
1,Ebben? Ne andrò lontana,Catalani,Italian,La Wally,Soprano,Studio,2019
1,Einsam in trüben Tagen,Wagner,German,Lohengrin,Soprano,Studio,2019
1,En proie à la tristesse,Rossini,French,Le comte Ory,Soprano,Studio,2019
1,"Enfin, je suis ici",Massenet,French,Cendrillon,Soprano,Studio,2019
1,Ernani involami,Verdi,Italian,Ernani,Soprano,Studio,2019
1,Fair Robin,Mechem,English,Tartuffe,Soprano,Studio,2019
1,Fiakermilli's Aria,Strauss,German ,Arabella ,Soprano,Studio,2019
1,Five Fathoms Deep,Adès,English,The Tempest,Soprano,Studio,2019
1,"Goodbye, Goodbye World",Hoiby,English,Our Town,Soprano,Studio,2019
1,Habanera,Bizet,French,Carmen,Soprano,Studio,2019
1,"Have Peace, Jo",Adamo,English,Little Women,Soprano,Studio,2019
1,His Name is Jan,Mazzoli,English,Breaking the Waves,Soprano,Studio,2019
1,I am the Wife of Mao Tse-tung,Adams,English,Nixon in China,Soprano,Studio,2019
1,Il dolce suono mi colpì di sua voce,Donizetti,Italian,Lucia di Lammermoor,Soprano,Studio,2019
1,Il faut partir,Donizetti,French,La fille du régiment,Soprano,Studio,2019
1,In quelle trine morbide,Puccini,Italian,Manon Lescaut,Soprano,Studio,2019
1,Iolanta's Aria,Tchaikovsky,Russian,Iolanta,Soprano,Studio,2019
1,Jackie's Monologue,Daugherty,English,Jackie O,Soprano,Studio,2019
1,Je viens ,Viardot,Italian,Cendrillon ,Soprano,Studio,2019
1,"Joy beyond measure, Mother",Adamo,English,Little Women,Soprano,Studio,2019
1,Kiss me not goodbye,Schuman,English,The Mighty Casey,Soprano,Studio,2019
1,L'amour est une vertu rare,Massenet,French,Thaïs,Soprano,Studio,2019
1,Lady With a Hand Mirror,Argento,English,Postcard from Morocco,Soprano,Studio,2019
1,"Leise, leise, fromme Weise ",Weber,German,Der Freischütz ,Soprano,Studio,2019
1,Marfa's Aria,Rimsky-Korsakov,russian,The Tsar's Bride,Soprano,Studio,2019
1,Meine lippen sie kussen so heiss,Lehàr,German,Giuditta,Soprano,Studio,2019
1,Mercè dilette amiche,Verdi,Italian,I vespri Siciliani,Soprano,Studio,2019
1,Monica's Waltz,Menotti,English ,The Medium,Soprano,Studio,2019
1,"Music, music, music",Blitzstein,English,Regina,Soprano,Studio,2019
1,Non più di fiori,Mozart,Italian,La clemenza di Tito,Soprano,Studio,2019
1,Non si da follia maggiore,Rossini,Italian,Il Turco in Italia,Soprano,Studio,2019
1,"Non, Monsieur mon mari",Poulenc,French,Les mamelles de Tirésias,Soprano,Studio,2019
1,"Now, Doctor Gregg",Moore,English,Gallantry,Soprano,Studio,2019
1,O mio babbino caro,Puccini,Italian,Gianni Schicchi,Soprano,Studio,2019
1,Oft she visits this lone mountain,Purcell,English,Dido and Aeneas,Soprano,Studio,2019
1,Ombre légère ,Meyerbeer,French,Dinorah,Soprano,Studio,2019
1,Or sai chi l'onore,Mozart,Italian,Don Giovanni,Soprano,Studio,2019
1,"Per pietà, ben mio",Mozart,Italian,Così fan tutte,Soprano,Studio,2019
1,Sarah's Aria,Popov,English,Town Hall,Soprano,Studio,2019
1,Sein wir wieder gut,Strauss,German,Ariadne auf Naxos,Soprano,Studio,2019
1,Senza mamma,Puccini,Italian,Suor Angelica,Soprano,Studio,2019
1,Son pochi fiori,Mascagni,Italian,L'amico Fritz,Soprano,Studio,2019
1,Summertime,Gershwin,English,Porgy and Bess,Soprano,Studio,2019
1,Tacea la notte placida... Di tale amor,Verdi,Italian ,Il trovatore,Soprano,Studio,2019
1,This is prophetic ,Adams,English ,Nixon in China,Soprano,Studio,2019
1,Tiger! Wetze nur die Klauen,Mozart,German,Zaide,Soprano,Studio,2019
1,Tiny's Song,Britten,English,Paul Bunyan,Soprano,Studio,2019
1,Trees on the mountains,Floyd,English,Susannah,Soprano,Studio,2019
1,Tutte nel cor vi sento,Mozart,Italian,Idomeneo,Soprano,Studio,2019
1,Un bel dí vedremo,Puccini,Italian,Madama Butterfly,Soprano,Studio,2019
1,Una donna a quindici anni,Mozart,Italian,Così fan Tutte,Soprano,Studio,2019
1,Una voce poco fa,Rossini,Italian,Il barbiere di Siviglia,Soprano,Studio,2019
1,Vorrei punirti indegno,Mozart,Italian,La finta giardiniera,Soprano,Studio,2019
23,Smanie implacabili,Mozart,Italian,Così fan tutte,Mezzo,Filene,2019
22,Sein wir wieder gut,Strauss,German ,Ariadne auf Naxos,Mezzo,Filene,2019
19,Va! Laisse couler mes larmes,Massenet,French,Werther,Mezzo,Filene,2019
16,Una voce poco fa,Rossini,Italian ,Il barbiere di Siviglia ,Mezzo,Filene,2019
15,Wie du warst,Strauss,German,Der Rosenkavalier,Mezzo,Filene,2019
11,Cruda sorte,Rossini,Italian,L'Italiana in Algeri,Mezzo,Filene,2019
11,Must the winter come so soon,Barber,English,Vanessa,Mezzo,Filene,2019
10,Vois sous l'archet frémissant,Offenbach,French,Les contes d'Hoffmann,Mezzo,Filene,2019
9,"Parto, parto",Mozart,Italian,La clemenza di Tito,Mezzo,Filene,2019
8,"Ces lettres, ces lettres",Massenet,French,Werther,Mezzo,Filene,2019
8,Give him this orchid,Britten,English,The rape of Lucretia,Mezzo,Filene,2019
8,Ja nye sposobna k grusti tomnoy ,Tchaikovsky,Russian,Eugene Onegin,Mezzo,Filene,2019
8,Non più mesta,Rossini,Italian,La cenerentola,Mezzo,Filene,2019
8,"Que fais tu, blanche tourterelle?",Gounod,French,Roméo et Juliette,Mezzo,Filene,2019
8,Svegliatevi nel core,Handel ,Italian ,Guilio Cesare,Mezzo,Filene,2019
7,All'afflitto è dolce il pianto,Donizetti,Italian,Roberto Devereux,Mezzo,Filene,2019
7,Am I in your light?,Adams,English,Doctor Atomic,Mezzo,Filene,2019
7,Podrugi milie ,Tchaikovsky,Russian,Queen of Spades,Mezzo,Filene,2019
7,Se Romeo t'uccise un figlio,Bellini,Italian,I Capuleti e i Montecchi,Mezzo,Filene,2019
7,"Things change, Jo",Adamo,English,Little Women,Mezzo,Filene,2019
7,This journey,Heggie,English,Dead Man Walking,Mezzo,Filene,2019
7,Voi che sapete,Mozart,Italian,Le nozze di Figaro,Mezzo,Filene,2019
6,Hexenlied,Humperdinck,German,Hansel und Gretel,Mezzo,Filene,2019
6,Mon coeur s'ouvre à ta voix,Saint-Saëns,French,Samson et Dalila,Mezzo,Filene,2019
6,O mio Fernando,Donizetti,Italian,La favorita,Mezzo,Filene,2019
6,Seguidilla,Bizet,French,Carmen,Mezzo,Filene,2019
6,What a movie!,Bernstein,English,Trouble in Tahiti,Mezzo,Filene,2019
5,Coeur sans amour,Massenet,French,Cendrillon,Mezzo,Filene,2019
5,Faites-lui mes aveux,Gounod,French,Faust,Mezzo,Filene,2019
5,Sgombra è la sacra selva,Bellini,Italian,Norma,Mezzo,Filene,2019
4,Amour! viens aider ma faiblesse!,Saint-Saëns,French,Samson et Dalila,Mezzo,Filene,2019
4,"Da, chas nastal",Tchaikovsky,Russian,The Maid of Orleans,Mezzo,Filene,2019
4,Nimmermehr wird mein Herze,Flotow,German,Martha ,Mezzo,Filene,2019
4,"Nobles seigneurs, salut!",Meyerbeer,French,Les Huguenots,Mezzo,Filene,2019
4,"Weiche, Wotan, Weiche!",Wagner,German,Das Rheingold,Mezzo,Filene,2019
3,Augusta! How can you turn away?,Moore,English,The Ballad of Baby Doe,Mezzo,Filene,2019
3,En vain pour éviter,Bizet,French,Carmen,Mezzo,Filene,2019
3,"Hence, Iris, Hence Away",Handel,English,Semele,Mezzo,Filene,2019
3,Non so più cosa son,Mozart,Italian,Le nozze di Figaro,Mezzo,Filene,2019
3,"Tu, preparati a morire",Handel,Italian,Ariodante ,Mezzo,Filene,2019
3,You shiver,Little,English,JFK,Mezzo,Filene,2019
2,Acerba voluttà,Cilea,Italian,Adriana Lecouvreur,Mezzo,Filene,2019
2,"Afraid, am I Afraid?",Menotti,English,The Medium,Mezzo,Filene,2019
2,"Ah, Michele don't you know",Menotti,English,The Saint of Bleecker Street ,Mezzo,Filene,2019
2,C'est l'amour vainquer,Offenbach,French,Contes d'Hoffmann,Mezzo,Filene,2019
2,Chacun a son goût,"Strauss, J",German,Die Fledermaus,Mezzo,Filene,2019
2,Che faro senza Euridice?,Gluck,Italian,Orfeo ed Euridice,Mezzo,Filene,2019
2,Daybreak,Heggie,English,Three Decembers,Mezzo,Filene,2019
2,Dopo notte,Handel,Italian,Ariodante,Mezzo,Filene,2019
2,Habanera,Bizet,French,Carmen,Mezzo,Filene,2019
2,I'm an actress,Pasatieri,English,The Seagull,Mezzo,Filene,2019
2,Je suis gris,Massenet,French,Chérubin,Mezzo,Filene,2019
2,O ma lyre immortelle,Gounod,French,Sapho,Mezzo,Filene,2019
2,"Oh, those faces!",Menotti,English,The Consul,Mezzo,Filene,2019
2,Simple Child,Gordon,English,The Grapes of Wrath,Mezzo,Filene,2019
2,Sta nell'ircana,Handel,Italian,Alcina,Mezzo,Filene,2019
2,There is a garden,Bernstein,English,Trouble in Tahiti,Mezzo,Filene,2019
2,Waiting,Harbison,English,The Great Gatsby,Mezzo,Filene,2019
1,Adieu forêts,Tchaikovsky,French,The Maid of Orleans,Mezzo,Filene,2019
1,Ah chi mi dice mai,Mozart,Italian ,Don Giovanni,Mezzo,Filene,2019
1,Ah! mon courage m'abandonne!,Massenet,French,Werther,Mezzo,Filene,2019
1,Ah! mon fils,Meyerbeer,French,Le Prophète,Mezzo,Filene,2019
1,Ah! que j'aime les militaires,Offenbach,French,La Grande Duchesse de Gerolstein,Mezzo,Filene,2019
1,All that gold!,Menotti,English,Amahl and the Night Visitors,Mezzo,Filene,2019
1,"Amour, viens rends a mon âme",Gluck,French,Orphée et Eurydice,Mezzo,Filene,2019
1,"Arabien, mein Heimatland",Weber,German,Oberon,Mezzo,Filene,2019
1,Baba's Aria,Stravinsky,English,The Rake's Progress,Mezzo,Filene,2019
1,"Cesse, cruel amour",Rameau,French,Dardanus,Mezzo,Filene,2019
1,Chanson du Voile,Verd,French,Don Carlos,Mezzo,Filene,2019
1,Condotta ella era in ceppi,Verdi,Italian,Il trovatore,Mezzo,Filene,2019
1,Crude furie degl'orridi abissi,Handel,Italian,Serse,Mezzo,Filene,2019
1,D'amour l'ardente flamme,Berlioz,French,Le damnation de Faust,Mezzo,Filene,2019
1,Deh per questo istante solo,Mozart,Italian,La Clemenza di Tito,Mezzo,Filene,2019
1,Deh tu bell'anima,Bellini,Italian,I Capuleti e i Montecchi,Mezzo,Filene,2019
1,Di misera regina,Monteverdi,Italian,Il ritorno d’Ulisse in patria,Mezzo,Filene,2019
1,"Don't bother, dear",Bolcom,English,Dinner at Eight,Mezzo,Filene,2019
1,Don't say a word,Heggie,English,Dead Man Walking,Mezzo,Filene,2019
1,E destin! debbo andarmene,Leoncavallo,Italian,La bohème,Mezzo,Filene,2019
1,"Enfin, je suis ici",Massenet ,French ,Cendrillion ,Mezzo,Filene,2019
1,Entweihte Götter,Wagner,German,Lohengrin,Mezzo,Filene,2019
1,Florence Pike's Aria,Britten,English ,Albert Herring,Mezzo,Filene,2019
1,"Geliebter, komm!",Wagner,German,Tannhaüser ,Mezzo,Filene,2019
1,Höchste Lust ist treues Lieben,Weber,German,Die drei Pintos,Mezzo,Filene,2019
1,Höre mit Sinn,Wagner,German,Die Götterdämmerung,Mezzo,Filene,2019
1,I am a mother,Heggie,English,Dead Man Walking,Mezzo,Filene,2019
1,"I do not judge you, John",Ward,English,The Crucible,Mezzo,Filene,2019
1,I have dreamt,Hermann,English,Wuthering Heights ,Mezzo,Filene,2019
1,I send these lacy nothings,Moore,English,The Ballad of Baby Doe,Mezzo,Filene,2019
1,I was standing in a garden,Bernstein,English,Trouble in Tahiti,Mezzo,Filene,2019
1,Il padre adorato,Mozart,Italian,Idomeneo,Mezzo,Filene,2019
1,J'ai perdu mon Eurydice,Gluck,French,Orphée et Eurydice,Mezzo,Filene,2019
1,Je vais mourir ,Berlioz,French,Les Troyens,Mezzo,Filene,2019
1,Lisette's aria,Cohen,English,Steal a pencil for me,Mezzo,Filene,2019
1,Lullaby,Menotti,English,The Consul,Mezzo,Filene,2019
1,Me voici dans son boudoir,Thomas,French,Mignon,Mezzo,Filene,2019
1,Mi tradì ,Mozart,Italian,Don Giovanni,Mezzo,Filene,2019
1,Nel silencio,Puccini,Italian,Suor Angelica,Mezzo,Filene,2019
1,Nella fatal di Rimini,Donizetti,Italian,Lucrezia Borgia,Mezzo,Filene,2019
1,Non ho colpa,Mozart,Italian,Idomeneo,Mezzo,Filene,2019
1,O don fatale,Verdi,Italian,Don Carlo,Mezzo,Filene,2019
1,O petite étoile,Chabrier,French,L'étoile,Mezzo,Filene,2019
1,Per questa fiamma indomita,Gaetano Donizetti,English,Anna Bolena,Mezzo,Filene,2019
1,Priva son d'ogni conforto,Handel,Italian,Giulio Cesare,Mezzo,Filene,2019
1,Relevez-vous ma fille,Poulenc,French,Dialogues des Carmélites,Mezzo,Filene,2019
1,"Seigneur, Dieu",Massenet,French,Werther,Mezzo,Filene,2019
1,"Seul, je partirai mon pere",Massenet,French,Cendrillon,Mezzo,Filene,2019
1,So ist es denn aus,Wagner,German,Die Walküre,Mezzo,Filene,2019
1,So you this something special,Hilliard,English ,Blue Viola ,Mezzo,Filene,2019
1,Song and ditties of Varvara ,Shchedrin,Russian,Not Love Alone,Mezzo,Filene,2019
1,Sorge nell'alma mia,Handel,Italian,Imeneo,Mezzo,Filene,2019
1,Stride la vampa,Giuseppe Verdi,Italian,Il trovatore,Mezzo,Filene,2019
1,Suitcase Aria,Dove,English,Flight,Mezzo,Filene,2019
1,Tango de la Menegilda,Federico Chueca,Spanish,La Gran Via,Mezzo,Filene,2019
1,There in myrtle shades reclined,Handel,English,Hercules,Mezzo,Filene,2019
1,They are all gone now,Vaughan Williams,English,Riders to the Sea,Mezzo,Filene,2019
1,"Voi lo sapete, o mamma",Mascagni,Italian,Rustica Cavellaria,Mezzo,Filene,2019
1,We had one room in Lambeth Marsh,Puts,English,Elizabeth Cree,Mezzo,Filene,2019
1,When I am laid in earth,Purcell,English,Dido and Aeneas,Mezzo,Filene,2019
1,Wo in bergen du dich birgst,Wagner,German,Die Walküre,Mezzo,Filene,2019
17,"Que fait-tu, blanche tourterelle?",Gounod,French,Roméo et Juliette,Mezzo,Studio,2019
15,Must the winter come so soon,Barber,English,Vanessa,Mezzo,Studio,2019
14,Va! laisse couler mes larmes,Massenet,French,Werther,Mezzo,Studio,2019
12,Smanie implacabili ,Mozart ,Italian,Così fan tutte,Mezzo,Studio,2019
11,Sein wir wieder gut,Strauss,German,Ariadne auf Naxos,Mezzo,Studio,2019
10,Non so più cosa son,Mozart,Italian ,Le nozze di Figaro,Mezzo,Studio,2019
9,Svegliatevi nel core,Handel,Italian,Giulio Cesare,Mezzo,Studio,2019
8,Una voce poco fa,Rossini,Italian,Il barbiere di Siviglia,Mezzo,Studio,2019
7,Faites-lui mes aveux,Gounod,French,Faust,Mezzo,Studio,2019
7,"Parto, ma tu ben mio",Mozart,Italian,La clemenza di Tito,Mezzo,Studio,2019
6,Coeur sans amour ,Massenet,French,Cendrillon,Mezzo,Studio,2019
6,Cruda sorte,Rossini,Italian,L'italiana in Algeri,Mezzo,Studio,2019
6,I have dreamt,Hermann,English,Wuthering Heights,Mezzo,Studio,2019
6,Non più mesta,Rossini,Italian,La cenerentola,Mezzo,Studio,2019
6,This journey,Heggie,English,Dead Man Walking,Mezzo,Studio,2019
6,Voi che sapete ,Mozart ,Italian ,Le nozze di Figaro ,Mezzo,Studio,2019
5,Chacun à son goût,Strauss,German,Die Fledermaus,Mezzo,Studio,2019
5,Près des remparts de Séville,Bizet,French,Carmen,Mezzo,Studio,2019
5,What a movie!,Bernstein,English,Trouble in Tahiti,Mezzo,Studio,2019
4,Wie du warst ,Strauss,German,Der Rosenkavalier,Mezzo,Studio,2019
3,"Ah, Michele Don't You Know",Menotti,English,Saint of Bleecker Street,Mezzo,Studio,2019
3,Che farò senza Euridice?,Gluck,Italian,Orfeo ed Euridice,Mezzo,Studio,2019
3,Crude furie degli orridi abissi ,Handel ,Italian ,Serse,Mezzo,Studio,2019
3,Daybreak,Jake Heggie,English,Three Decembers,Mezzo,Studio,2019
3,Habanera,Bizet,French,Carmen,Mezzo,Studio,2019
3,Il padre adorato,Mozart,Italian,Idomeneo,Mezzo,Studio,2019
3,Nimmermehr wird mein Herze,Flotow,German,Martha,Mezzo,Studio,2019
3,"Nobles seigneurs, salut!",Meyerbeer,French,Les Huguenots,Mezzo,Studio,2019
3,Podrugi milyye,Tchaikovsky,Russian,The Queen of Spades (Pikovaya Dama),Mezzo,Studio,2019
3,Se Romeo t'uccise un figlio,Bellini,Italian,I Capuletti ed i Montecchi,Mezzo,Studio,2019
3,Seguidilla,Bizet,French,Carmen,Mezzo,Studio,2019
3,Sgombra è la sacra selva,Bellini,Italian,Norma,Mezzo,Studio,2019
3,Sta nell'Ircana,Handel,Italian,Alcina,Mezzo,Studio,2019
3,When I am laid in earth,Purcell,English,Dido and Aeneas,Mezzo,Studio,2019
2,"Hence, Iris, Hence Away",Handel,English,Semele,Mezzo,Studio,2019
2,Il segreto per esser felici,Donizetti,Italian,Lucrezia Borgia,Mezzo,Studio,2019
2,Lullaby,Menotti,English,The Consul,Mezzo,Studio,2019
2,Me voici dans son boudoir,Thomas,French,Mignon,Mezzo,Studio,2019
2,Spiel auf deiner Geige,Stolz,German,Venus in Seide,Mezzo,Studio,2019
2,"Things change, Jo",Adamo,English,Little Women,Mezzo,Studio,2019
2,Vois sous l'archet fremissant,Offenbach,French,Les contes d'Hoffmann,Mezzo,Studio,2019
2,Ya ne sposobna k grusti,Tchaikovsky,Russian,Eugene Onegin,Mezzo,Studio,2019
2,You shiver,Little,English,JFK,Mezzo,Studio,2019
1,"Afraid, am I afraid?",Menotti,English,The Medium,Mezzo,Studio,2019
1,After you hear me out,Cipullo,English,Glory Denied ,Mezzo,Studio,2019
1,"Ah fuggi, il traditor",Mozart,Italian,Don Giovanni,Mezzo,Studio,2019
1,Ah! mon fils,Meyerbeer,French,Le prophète,Mezzo,Studio,2019
1,All that gold!,Menotti,English,Amahl and the Night Visitors,Mezzo,Studio,2019
1,All'afflitto è dolce il pianto,Donizetti,Italian,Roberto Devereux,Mezzo,Studio,2019
1,Am I in your light?,Adams,English,Doctor Atomic,Mezzo,Studio,2019
1,"Amour, viens rendre à mon âme",Gluck,French,Orphée et Euridice,Mezzo,Studio,2019
1,Augusta...How can you turn away?,Moore,English,The Ballad of Baby Doe,Mezzo,Studio,2019
1,"Batti, batti, o bel Masetto ",Mozart,Italian,Don Giovanni,Mezzo,Studio,2019
1,Bride's Aria,Adamo,English,Avow,Mezzo,Studio,2019
1,Carceleras ,Chapí ,Spanish ,Las Hijas del Zebedeo ,Mezzo,Studio,2019
1,Ces lettres! ,Massenet,French,Werther ,Mezzo,Studio,2019
1,Connais-tu le pays?,Thomas,French,Mignon,Mezzo,Studio,2019
1,Čury Mury Fuk,Dvořák,Czech,Rusalka,Mezzo,Studio,2019
1,Deh per questo istante,Mozart ,Italian ,La clemenza di Tito,Mezzo,Studio,2019
1,Deh se piacer mi vuoi,Mozart,Italian,La clemenza di Tito,Mezzo,Studio,2019
1,Di tanti palpiti,Rossini,Italian,Tancredi,Mezzo,Studio,2019
1,"Don't bother, dear",Bolcom,English,Dinner at Eight,Mezzo,Studio,2019
1,Einsam in trüben Tagen,Wagner,German,Lohengrin,Mezzo,Studio,2019
1,"Enfin, je suis ici",Massenet,French,Cendrillon,Mezzo,Studio,2019
1,I am easily assimilated ,Bernstein,English ,Candide,Mezzo,Studio,2019
1,"I do not judge you, John",Ward,English,The Crucible,Mezzo,Studio,2019
1,"Il est doux, Il est bon",Massenet,French,Herodiade,Mezzo,Studio,2019
1,Kiss me not goodbye,Schuman,English,The Mighty Casey,Mezzo,Studio,2019
1,L’aura che spira,Handel,Italian,Giulio Cesare,Mezzo,Studio,2019
1,Mi lusinga il dolce affetto,Handel,Italian,Alcina,Mezzo,Studio,2019
1,Mi tradì quell'alma ingrata,Mozart,Italian,Don Giovanni,Mezzo,Studio,2019
1,Minskwoman's Aria,Dove,English,Flight,Mezzo,Studio,2019
1,Mon coeur s'ouvre a ta voix,Saint-Säens,French,Samson et Dalila,Mezzo,Studio,2019
1,My man's gone now,Gershwin,English,Porgy and Bess,Mezzo,Studio,2019
1,"Non, vou n'avez jamais je gage",Meyerbeer,French,Les Huguenots ,Mezzo,Studio,2019
1,"O pallida, che un giorno mi guardasti",Mascagni,Italian,L'amico Fritz,Mezzo,Studio,2019
1,"Oh, those faces!",Menotti,English,The Consul,Mezzo,Studio,2019
1,Priva son d'ogni conforto,Handel,Italian,Giulio Cesare,Mezzo,Studio,2019
1,Scherza in mar la navicella,Handel,Italian,Lotario,Mezzo,Studio,2019
1,Simple Child,Gordon,English,The Grapes of Wrath,Mezzo,Studio,2019
1,There is a garden,Bernstein,English,Trouble in Tahiti,Mezzo,Studio,2019
1,Time treads upon the hands of woman,Britten,English,The Rape of Lucretia,Mezzo,Studio,2019
1,Torna di Tito a lato,Mozart,Italian,La clemenza di Tito,Mezzo,Studio,2019
1,Tu fosti tradito,Mozart,Italian,La clemenza di Tito,Mezzo,Studio,2019
1,"Tu, preparati a morire",Handel,Italian,Ariodante,Mezzo,Studio,2019
1,"Va pure, ad altri in braccio",Mozart,Italian,La finta giardiniera,Mezzo,Studio,2019
1,Vedrai carino,Mozart,Italian,Don Giovanni,Mezzo,Studio,2019
1,Voce di donna,Ponchielli,Italian,La gioconda,Mezzo,Studio,2019
1,Vom jäger herne ,Nicolai,German ,Die Lustigen Weiber von Windsor,Mezzo,Studio,2019
1,Waiting,Harbison,English,The Great Gatsby,Mezzo,Studio,2019
1,Ya ne sposobna k grusti,Tchaikovsky,Russian,Eugene Onegin,Mezzo,Studio,2019
1,You'll never be her ,Heggie,English,Great Scott,Mezzo,Studio,2019
4,Dawn still darkness,Dove,English,Flight,Counter-tenor,Filene,2019
3,Ombra mai fù,Handel,Italian,Serse,Counter-tenor,Filene,2019
2,I know a Bank,Britten,English,A Midsummer Night's Dream,Counter-tenor,Filene,2019
2,J'ai perdu mon Eurydice ,Gluck,French,Orphée et Eurydice,Counter-tenor,Filene,2019
1,"Ah, quel giorno",Rossini,Italian,Semiramide,Counter-tenor,Filene,2019
1,Birds on the misty mountainside sing,Garner,English,"East O the Sun, West O the Moon",Counter-tenor,Filene,2019
1,Di tanti palpiti,Rossini,Italian,Tancredi,Counter-tenor,Filene,2019
1,Dopo notte,Handel,Italian,Ariodante,Counter-tenor,Filene,2019
1,Dove sei,Handel,Italian,Rodelinda,Counter-tenor,Filene,2019
1,"Cielo, se tu il consenti",Handel,Italian,Orlando,Counter-tenor,Filene,2019
1,"I can’t walk, brother…",Weisman,English,The Scarlet Ibis,Counter-tenor,Filene,2019
1,Me voici dans son boudoir,Thomas,French,Mignon,Counter-tenor,Filene,2019
1,"Parto, ma tu ben mio",Mozart,Italian,La clemenza di Tito,Counter-tenor,Filene,2019
1,"Son reo, l'error confesso",Mozart,Italian,"Mitridate, rè di Ponto",Counter-tenor,Filene,2019
1,Sta nell'ircana,Handel,Italian,Alcina,Counter-tenor,Filene,2019
1,Svegliatevi nel core,Handel,Italian,Giulio Cesare,Counter-tenor,Filene,2019
1,"Venti, turbini",Handel,Italian,Rinaldo,Counter-tenor,Filene,2019
4,"Dawn, still darkness",Dove,English,Flight,Counter-tenor,Studio,2019
3,I know a bank,Britten,English,A Midsummer Night's Dream ,Counter-tenor,Studio,2019
1,Al mio ben mi veggio avanti ,Mozart ,Italian ,Ascanio in Alba,Counter-tenor,Studio,2019
1,Domerò la tua fierezza,Handel,Italian,Giulio Cesare in Egitto,Counter-tenor,Studio,2019
1,"Dove sei, amato bene?",Handel,Italian,Rodelinda,Counter-tenor,Studio,2019
1,Furibondo spira il vento,Handel,Italian,Partenope,Counter-tenor,Studio,2019
1,L'aura che spira,Handel,Italian,Giulio Cesare,Counter-tenor,Studio,2019
1,Orgogliosetto va l'augelletto ,Handel,Italian,Oreste,Counter-tenor,Studio,2019
1,Stille amare,Handel,Italian,Tolomeo,Counter-tenor,Studio,2019
1,The Raptured Soul,Handel,English,Theodora,Counter-tenor,Studio,2019
1,Vedrò con mio diletto,Vivaldi,Italian,Giustino,Counter-tenor,Studio,2019
1,Vivi tiranno ,Handel,Italian,Rodelinda,Counter-tenor,Studio,2019
28,Dies Bildnis ist bezaubernd schön,Mozart,German,Die Zauberflöte,Tenor,Filene,2019
19,"Kuda, kuda",Tchaikovsky,Russian ,Engene Onegin,Tenor,Filene,2019
12,Ah! mes amis,Donizetti,French,La fille du régiment,Tenor,Filene,2019
12,De' miei bollenti spiriti,Verdi,Italian,La traviata,Tenor,Filene,2019
11,Ah! leve-toi soleil,Gounod,French,Roméo et Juliette,Tenor,Filene,2019
11,La fleur que tu m'avais jetée,Bizet,French,Carmen,Tenor,Filene,2019
10,Una furtiva lagrima,Donizetti,Italian,L'elisir d'amore,Tenor,Filene,2019
10,Ch'ella mi creda,Puccini,Italian,La fanciulla del West,Tenor,Filene,2019
10,Dein ist mein ganzes Herz,Lehár,German,Das Land des Lächelns,Tenor,Filene,2019
10,Il mio tesoro,Mozart,Italian,Don Giovanni,Tenor,Filene,2019
10,Pourquoi me reveiller,Massenet,French,Werther,Tenor,Filene,2019
10,Salut! demeure chaste et pure,Gounod,French,Faust,Tenor,Filene,2019
9,Lonely House,Weill,English,Street Scene,Tenor,Filene,2019
9,Un aura amorosa,Mozart,Italian ,Cosi fan tutte ,Tenor,Filene,2019
9,Questa o quella,Verdi,Italian,Rigoletto,Tenor,Filene,2019
8,Fra poco a me ricovero,Donizetti,Italian,Lucia di Lammermoor,Tenor,Filene,2019
8,"Si, ritrovarla io giuro",Rossini,Italian,La cenerentola,Tenor,Filene,2019
7,Here I Stand,Stravinsky,English,The Rake's Progress,Tenor,Filene,2019
6,O wie ängstlich,Mozart,German,Die Entführung aus dem Serail,Tenor,Filene,2019
6,Un'aura amorosa,Mozart ,Italian ,Cosi fan tutte,Tenor,Filene,2019
5,Di rigori armato il seno,Strauss ,Italian,Der Rosenkavalier,Tenor,Filene,2019
4,Se all’impero,Mozart,Italian,La clemenza di Tito,Tenor,Filene,2019
4,"Ah, la paterna mano",Verdi,Italian ,Macbeth,Tenor,Filene,2019
4,Aria of the Worm,Corigliano,English,The Ghost of Versailles,Tenor,Filene,2019
4,Ich baue ganz,Mozart,German,Die Entfürung aus dem Serail,Tenor,Filene,2019
4,Miles!,Britten,English,The Turn of the Screw,Tenor,Filene,2019
3,"Gott, welche Dunkel hier",Beethoven,German,Fidelio,Tenor,Filene,2019
3,Addio fiorito asil,Puccini,Italian,Madama Butterfly,Tenor,Filene,2019
3,Languir per una bella,Rossini,Italian,L'Italiana in Algeri,Tenor,Filene,2019
3,Pour me rapprocher de Marie,Donizetti,French,La fille du régiment,Tenor,Filene,2019
3,Tarquinius does not wait,Britten,English,The Rape of Lucretia,Tenor,Filene,2019
3,Firenze come è un albero fiorito,Puccini,Italian,Gianni Schicchi,Tenor,Filene,2019
3,"I see, you see",Heggie,English,Moby-Dick,Tenor,Filene,2019
3,It was something I could stroke,Floyd,English,Of Mice and Men,Tenor,Filene,2019
2,Cercherò lontana terra,Donizetti,Italian,Don Pasquale,Tenor,Filene,2019
2,Durch die Wälder,Weber,German,Der Freischütz,Tenor,Filene,2019
2,It's about the way people is made,Floyd,English,Susannah,Tenor,Filene,2019
2,Tanzmeister's aria,Strauss,German,Ariadne auf Naxos,Tenor,Filene,2019
2,"A te, o cara",Bellini,Italian,I Puritani,Tenor,Filene,2019
2,Amor ti vieta,Giordano,Italian,Fedora,Tenor,Filene,2019
2,Dalla sua pace,Mozart,Italian,Don Giovanni,Tenor,Filene,2019
2,Ecco ridente,Rossini,Italian,Il barbiere di Siviglia,Tenor,Filene,2019
2,Ed ancor la tremenda porta,Donizetti,Italian,Roberto Devereux,Tenor,Filene,2019
2,Fuor del mar,Mozart,Italian,Idomeneo,Tenor,Filene,2019
2,Io l'ho perduta... Io la vidi,Verdi,Italian,Don Carlo,Tenor,Filene,2019
2,La donna è mobile,Verdi,Italian,Rigoletto,Tenor,Filene,2019
2,Martin's Aria,Copland,English,The Tenderland,Tenor,Filene,2019
2,New York Lights,Bolcom,English,A View from the Bridg,Tenor,Filene,2019
2,Nothing more than this,Bernstein,English,Candide,Tenor,Filene,2019
2,O blonde Cerès,Berlioz,French,Les Troyens,Tenor,Filene,2019
2,Outside this house,Barber,English,Vanessa,Tenor,Filene,2019
2,Parmi vedere le lagrime,Verdi,Italian,Rigoletto,Tenor,Filene,2019
2,Spirto gentil,Donizetti,Italian,La favorita,Tenor,Filene,2019
2,Torna ai felici di,G. Puccini,Italian,Le villi,Tenor,Filene,2019
2,Winterstürme wichen dem Wonnemond,Wagner,German,Die Walküre,Tenor,Filene,2019
2,Quanto è bella,Donizetti,Italian,L'elisir d'amore,Tenor,Filene,2019
2,Je crois entendre encore,Bizet,French,Les pêcheurs de perles,Tenor,Filene,2019
2,Tuo drudo è mio rivale,Handel,Italian,Rodelinda,Tenor,Filene,2019
1,A Word for this Old Man,Gordon,English,The Grapes of Wrath ,Tenor,Filene,2019
1,"Act 1, Scene 8 At Night",Britten,German,The Turn of the Screw,Tenor,Filene,2019
1,Adieu Mignon,Thomas,French,Mignon,Tenor,Filene,2019
1,"Ah, sì ben mio",Verdi,Italian,Il trovatore,Tenor,Filene,2019
1,"Ah! fuyez, douce image",Massenet,French,Manon,Tenor,Filene,2019
1,Albert the Good ,Britten ,English,Albert Herring,Tenor,Filene,2019
1,Anges du paradis,Gounod,French,Mireille,Tenor,Filene,2019
1,Asile héréditaire,Rossini,French,Guillaume Tell,Tenor,Filene,2019
1,Dal labbro il canto,Verdi,Italian ,Falstaff,Tenor,Filene,2019
1,Del destino,Catàn,Spanish,Florencia en el Amazonas,Tenor,Filene,2019
1,Dio mi potevi scagliar,Verdi,Italian,Otello,Tenor,Filene,2019
1,È la solita storia del pastore,Cilea,Italian,L'arlesiana,Tenor,Filene,2019
1,E lucevan le stelle,Puccini,Italian,Tosca,Tenor,Filene,2019
1,"È un folle, è un ville affetto",Handel,Italian,Alcina,Tenor,Filene,2019
1,Elle ne croyait pas,Thomas,French,Mignon,Tenor,Filene,2019
1,Fantaisie aux divins mensonges,Delibes,French,Lakmé,Tenor,Filene,2019
1,Fra l'orror di questa selva,Salieri,Italian,La cifra,Tenor,Filene,2019
1,Frisch zum Kampfe,Mozart,German,Die Entführung aus dem Serail ,Tenor,Filene,2019
1,Go there! ,Britten,English,Peter Grimes,Tenor,Filene,2019
1,Grimes' Mad Scene,Britten,English,Peter Grimes,Tenor,Filene,2019
1,In quegli anni,Mozart,Italian,Le nozze di Figaro,Tenor,Filene,2019
1,Judge Danforth's Entrance Aria,Ward,English ,The Crucible,Tenor,Filene,2019
1,Kleinzach,Offenbach,French,Les contes d'Hoffman,Tenor,Filene,2019
1,L'espoir renait dans mon âme,Gluck,French,Orphée et Eurydice,Tenor,Filene,2019
1,L’anima ho stanca ,Cilea,Italian,Adriana Lecouvreur,Tenor,Filene,2019
1,La dolcissima effigie,Cilea,Italian,Adriana Lecouvreur,Tenor,Filene,2019
1,La speranza più soave,Rossini,Italian,Semiramide,Tenor,Filene,2019
1,"Last night, how many kisses?",Spears,English,Fellow Travelers,Tenor,Filene,2019
1,Let not fame the tidings spread,Handel,English,Hercules,Tenor,Filene,2019
1,Meco all'altar di Venere,Bellini,Italian,Norma,Tenor,Filene,2019
1,Mit Gewitter und Sturm,Wagner,German,Der fliegende Holländer,Tenor,Filene,2019
1,Morgenlich leuchtend im rosigen Schein,Wagner,German,Die Meistersinger von Nürnburg,Tenor,Filene,2019
1,Nessun dorma,Puccini,Italian,Turandot,Tenor,Filene,2019
1,Net! Chary lask krasy m'atezhnaj,Tchaikovsky,Russian,Iolanta,Tenor,Filene,2019
1,"Non piangere, Liù",Puccini,Italian ,Turandot ,Tenor,Filene,2019
1,Now the Great Bear and Pleiades,Britten,English,Peter Grimes,Tenor,Filene,2019
1,O Colombina,Leoncavallo,Italian,Pagliacci,Tenor,Filene,2019
1,O dieu de quelle ivresse ,Offenbach,French,Les contes d’Hoffmann,Tenor,Filene,2019
1,De' miei bollenti spiriti,Verdi,Italian,La Traviata,Tenor,Filene,2019
1,Ô paradis,Meyerbeer,French,L'Africaine,Tenor,Filene,2019
1,Overhead the moon is beaming,Romberg,English,The Student Prince,Tenor,Filene,2019
1,Prince's aria,Dvořák,Czech,Rusalka,Tenor,Filene,2019
1,Prologue,Britten,English,The Turn of the Screw,Tenor,Filene,2019
1,Quando le sere al placido,Verdi,Italian,Luisa Miller,Tenor,Filene,2019
1,Recondita armonia,Puccini,Italian,Tosca,Tenor,Filene,2019
1,Red as the Rose of Maytime,Lehàr,English,The Merry Widow,Tenor,Filene,2019
1,Romance of the Young Gypsy,Rachmaninoff,Russian ,Aleko,Tenor,Filene,2019
1,"Salut, tombeau...",Gounod,French,Romèo et Juliette,Tenor,Filene,2019
1,Se ostinata ancor non cedi,Rossini,Italian,Tancredi,Tenor,Filene,2019
1,Second Lute Song,Britten,English,Gloriana,Tenor,Filene,2019
1,Semplicetto! A donna credi?,Handel,Italian,Alcina,Tenor,Filene,2019
1,"Steady, there you are",Britten,English,Peter Grimes,Tenor,Filene,2019
1,The Contest,Sondheim,English,Sweeney Todd,Tenor,Filene,2019
1,Total Eclipse ,Handel,English,Samson,Tenor,Filene,2019
1,"Tradito, schernito",Mozart,Italian,Così fan tutte,Tenor,Filene,2019
1,Un dì all'azzurro spazio,Giordano,Italian,Andrea Chenier,Tenor,Filene,2019
1,Venters' Aria,Bohmler,English,Riders of the Purple Sage,Tenor,Filene,2019
1,Vesti la giubba,Leoncavallo,Italian,I Pagliacci,Tenor,Filene,2019
1,Vy starenko,Janacek,Czech,Jenufa,Tenor,Filene,2019
1,What's goin' on down below,Puts,English,Elizabeth Cree,Tenor,Filene,2019
1,When a life has ceased,Musto,English,Volpone,Tenor,Filene,2019
1,Where am I?,Moore,English,Gallantry,Tenor,Filene,2019
1,Wie eine Rosenknospe,Lehar,German,The Merry Widow,Tenor,Filene,2019
1,Wie stark is nicht dein Zauberton,Mozart,German,Die Zauberflöte,Tenor,Filene,2019
1,It was out in the sticks (Inkslinger's Song),Britten,English,Paul Bunyan,Tenor,Filene,2019
1,Vedrommi intorno,Mozart,Italian,Idomeneo,Tenor,Filene,2019
21,Dies Bildnis ist bezauberd schön,Mozart ,German ,Die Zauberflöte ,Tenor,Studio,2019
12,Una furtiva lagrima,Donizetti,Italian,L'elisir d'amore,Tenor,Studio,2019
10,"Kuda, kuda",Tchaikovsky,Russian,Eugene Onegin,Tenor,Studio,2019
8,Ah! lève toi soleil,Gounod,French,Roméo et Juliette,Tenor,Studio,2019
8,Here I Stand,Stravinsky,English,The Rake's Progress,Tenor,Studio,2019
8,Il mio tesoro,Mozart,Italian,Don Giovanni,Tenor,Studio,2019
7,New York Lights,Bolcom,English,A View from the Bridge,Tenor,Studio,2019
6,Ah! mes amis...,Donizetti,French,La fille du régiment,Tenor,Studio,2019
6,Lonely House,Weill,English,Street Scene,Tenor,Studio,2019
6,"Si ritrovarla, io giuro",Rossini,Italian,La cenerentola,Tenor,Studio,2019
5,Questa o quella,Verdi,Italian,Rigoletto,Tenor,Studio,2019
4,Dal labbro il canto,Verdi,Italian,Falstaff,Tenor,Studio,2019
4,Dein ist mein ganzes Herz,Lehár ,German ,Das Land des Lächelns,Tenor,Studio,2019
4,En fermant les yeux,Massenet,French,Manon,Tenor,Studio,2019
4,Frisch zum Kampfe,Mozart,German,Die Entfuhrung aus dem Serail,Tenor,Studio,2019
4,La fleur que tu m'avais jetée ,Bizet,French,Carmen,Tenor,Studio,2019
3,Avete torto!. . . Firenze è come un albero fiorito,Puccini,Italian,Gianni Schicchi,Tenor,Studio,2019
3,I'm not a boy,Previn,English,A Streetcar Named Desire,Tenor,Studio,2019
3,Ich baue ganz,Mozart,German,Die Entführung aus dem Serail,Tenor,Studio,2019
3,O wie ängstlich,Mozart,German,Die Entführung aus dem Serail,Tenor,Studio,2019
3,Salut! Demeure chaste et pure,Gounod,French,Faust,Tenor,Studio,2019
3,Winterstürme wichen dem Wonnemond,Wagner ,German ,Die Walküre,Tenor,Studio,2019
2,Aria of the Worm,Corigliano,English,Ghosts of Versailles,Tenor,Studio,2019
2,Cercheró lontana terra,Donizetti,Italian,Don Pasquale,Tenor,Studio,2019
2,È la solita storia del pastore,Cilea,Italian,L'Arlesiana,Tenor,Studio,2019
2,Je crois entendre encore,Bizet,French,Les pêcheurs de perles,Tenor,Studio,2019
2,Pastorello d'un povero armento,Handel,Italian,Rodelinda,Tenor,Studio,2019
2,"Quanto è bella, quanto è cara",Donizetti,Italian,L'elisir d'amore,Tenor,Studio,2019
2,Se all'impero,Mozart,Italian,La clemenza di Tito,Tenor,Studio,2019
2,Un'aura amorosa,Mozart,Italian,Così fan tutte,Tenor,Studio,2019
1,"A te, o cara",Bellini,Italian,I Puritani,Tenor,Studio,2019
1,"Ah, la paterna mano",Verdi,Italian,Macbeth,Tenor,Studio,2019
1,Albert's Act I Aria,Britten,English,Albert Herring,Tenor,Studio,2019
1,Amor ti vieta,Giordano,Italian,Fedora,Tenor,Studio,2019
1,Amore o grillo,Puccini,Italian,Madama Butterfly,Tenor,Studio,2019
1,"Barbaro fato, sì",Handel,Italian,Partenope,Tenor,Studio,2019
1,Che gelida manina,Puccini,Italian,La bohème,Tenor,Studio,2019
1,Coeur sans amour,Massenet,French,Cendrillon,Tenor,Studio,2019
1,Com'è gentil,Donizetti,Italian,Don Pasquale,Tenor,Studio,2019
1,Credeasi misera,Bellini,Italian,I Puritani,Tenor,Studio,2019
1,De' miei bollenti spiriti,Verdi,Italian,La traviata,Tenor,Studio,2019
1,Del più sublime soglio,Mozart,Italian,La clemenza di Tito,Tenor,Studio,2019
1,"Descend, kind pity",Handel,English,Theodora,Tenor,Studio,2019
1,Di ad Irene,Handel,Italian,Atalanta,Tenor,Studio,2019
1,Di rigori armato il seno,Strauss,Italian,Der Rosenkavalier,Tenor,Studio,2019
1,"Ecco, ridente in cielo",Rossini,Italian,Il barbiere di Siviglia,Tenor,Studio,2019
1,Edgar's Aria,Puccini,Italian,Edgar,Tenor,Studio,2019
1,Ella mi fu rapita,Verdi,Italian,Rigoletto,Tenor,Studio,2019
1,Fantasie aux divins mensonges ,Delibes ,French ,Lakmé,Tenor,Studio,2019
1,Giovanni’s aria,Catán,Spanish,La hijs de Rappaccini,Tenor,Studio,2019
1,Goliath,Bates,English,The (R)evolution of Steve Jobs,Tenor,Studio,2019
1,Hai ben ragione ,Puccini,Italian ,Il tabarro ,Tenor,Studio,2019
1,Hier soll ich dich denn sehen,Mozart,German,Die Entführung aus dem Serai,Tenor,Studio,2019
1,Human Madness,Heggie,English,Moby Dick,Tenor,Studio,2019
1,"I see, you see",Heggie,English,Moby Dick,Tenor,Studio,2019
1,I'm gettin' tired of travelin' through,Copland,English,The Tender Land,Tenor,Studio,2019
1,I'm sorry Ama ,Huang Ruo,English ,An American Soldier ,Tenor,Studio,2019
1,Il tuo sangue,Handel,Italian,Ariodante,Tenor,Studio,2019
1,Is belief a gift?,Aldridge,English,Elmer Gantry,Tenor,Studio,2019
1,It's about the way people is made,Floyd,English,Susannah,Tenor,Studio,2019
1,La pia materna mano,Verdi,Italian,La battaglia di Legnano,Tenor,Studio,2019
1,La speranza più soave,Rossinni,Italian,Semiramide,Tenor,Studio,2019
1,Love sounds the alarm,Handel,English,Acis and Galatea,Tenor,Studio,2019
1,"Love, too frequently betrayed",Stravinsky,English,The Rake's Progress,Tenor,Studio,2019
1,Moon's Aria,Dove,English,The Enchanted Pig,Tenor,Studio,2019
1,No puede ser,Sorozábal,Spanish,La Tabernera Del Puerto,Tenor,Studio,2019
1,O blonde Cérès,Berlioz,French,Les Troyens,Tenor,Studio,2019
1,O Colombina,Leoncavallo,Italian,I pagliacci,Tenor,Studio,2019
1,Outside this house ,Barber ,English ,Vanessa ,Tenor,Studio,2019
1,Parmi veder le lagrime,Verdi,Italian,Rigoletto,Tenor,Studio,2019
1,Pourquoi me reveiller,Massenet,French,Werther,Tenor,Studio,2019
1,Prologue,Britten,English,Turn of the Screw,Tenor,Studio,2019
1,Que les destins prospères,Rossini,French,Le comte Ory,Tenor,Studio,2019
1,Ride to Rome,Britten,English,The Rape of Lucretia,Tenor,Studio,2019
1,Se di lauri,Mozart,Italian,Mitridate,Tenor,Studio,2019
1,Semplicetto a donna credi,Handel,Italian,Alcina,Tenor,Studio,2019
1,"Seño, que no me falte er Vale",Penella,Spanish,El Gato Montes,Tenor,Studio,2019
1,Sento avvampar nell'anima,Verdi ,Italian ,Simon Boccanegra ,Tenor,Studio,2019
1,Serenade ,Romberg,English ,The Student Prince ,Tenor,Studio,2019
1,Tanzmeister's Aria,Strauss,German,Ariadne auf Naxos,Tenor,Studio,2019
1,"Tradito, schernito",Mozart,Italian,Così fan tutte ,Tenor,Studio,2019
1,Tuo drudo è mio rivale,Handel,Italian,Rodelinda,Tenor,Studio,2019
1,Unis dès la plus tendre enfance,Gluck,French,Iphigénie en Tauride,Tenor,Studio,2019
1,Vedrommi Intorno,Mozart,Italian,Idomeneo,Tenor,Studio,2019
1,Young Gypsy's Romance,Rachmaninov,Russian,Aleko,Tenor,Studio,2019
21,Hai gia vinta la causa,Mozart,Italian,Le nozze di Figaro,Baritone,Filene,2019
17,"Mein Sehnen, mein Wähnen",Korngold,German,Die Tote Stadt,Baritone,Filene,2019
14,Avant de quitter ces lieux,Gounod,French,Faust,Baritone,Filene,2019
14,Largo al factotum,Rossini,Italian,Il barbiere di Siviglia,Baritone,Filene,2019
14,Papageno's Suicide Aria,Mozart,German,Die Zauberflöte,Baritone,Filene,2019
12,"Mab, la reine des mensonges",Gounod,French,Roméo et Juliette,Baritone,Filene,2019
11,Look! Through the port...,Britten ,English ,BIlly Budd,Baritone,Filene,2019
10,"Lieben, Hassen, Hoffen, Zagen",Strauss,German,Ariadne auf Naxos,Baritone,Filene,2019
10,Starbuck's Aria,Heggie,English,Moby-Dick,Baritone,Filene,2019
9,"O du, mein holder Abendstern",Wagner,German,Tannhäuser,Baritone,Filene,2019
9,È sogno? O realtà?,Verdi,Italian,Falstaff,Baritone,Filene,2019
8,Ah! per sempre io ti perdei,Bellini,Italian ,I Puritani,Baritone,Filene,2019
7,Kogda bï zhizn domashnim krugom,Tchaikovsky,Russian,Eugene Onegin,Baritone,Filene,2019
7,L'orage s'est calmé...Ô Nadir,Bizet,French,Les pêcheurs de perles,Baritone,Filene,2019
6,Cruda funesta smania,Donizetti,Italian,Lucia di Lammermoor ,Baritone,Filene,2019
5,E fra quest' ansie…,Leoncavallo,Italian,Pagliacci,Baritone,Filene,2019
5,Bella siccome un angelo,Donizetti,Italian,Don Pasquale,Baritone,Filene,2019
5,"Questo amor, vergogna mia",Puccini,Italian,Edgar,Baritone,Filene,2019
4,When the air sings of summer,Menotti,English,Old Maid & the Thief,Baritone,Filene,2019
4,Come un'ape ne' giorni d'aprile,Rossini,Italian,La cenerentola,Baritone,Filene,2019
4,Ya vas lyublu,Tchaikovsky,Russian,The Queen of Spades,Baritone,Filene,2019
4,Charlie's Act 1 Aria,Heggie,English,Three Decembers,Baritone,Filene,2019
4,Eri tu,Verdi,Italian,Un ballo in maschera,Baritone,Filene,2019
4,O vin dissipe la tristesse,Thomas,English,Hamlet,Baritone,Filene,2019
4,Sibilar gli angui d'Aletto,Handel,Italian,Rinaldo,Baritone,Filene,2019
3,"Come, Master ",Stravinsky ,English ,The Rake's Progress ,Baritone,Filene,2019
3,Kto mozhet sravnit'sja s Matil'doj moej,Tchaikovsky,Russian,Iolanta,Baritone,Filene,2019
3,Rivolgete a lui lo sguardo,Mozart,Italian ,Così fan tutte,Baritone,Filene,2019
3,Sois immobile,Rossini,French,Guillaume Tell,Baritone,Filene,2019
3,Votre toast,Bizet,French,Carmen,Baritone,Filene,2019
3,Warm as the autumn light,Moore,English ,The Ballad of Baby Doe,Baritone,Filene,2019
2,Comme une pâle fleur ,Thomas,French ,Hamlet,Baritone,Filene,2019
2,"Heda! Heda, Hedo!",Wagner,German ,Das Rheingold,Baritone,Filene,2019
2,Uzhel ta samaja Tatiana,Tchaikovsky,Russian,Eugene Onegin,Baritone,Filene,2019
2,A quoi bon l'economie,Massenet,French,Manon,Baritone,Filene,2019
2,An jenem Tag,Marschner,German,Hans Heiling,Baritone,Filene,2019
2,Aprite un po' quegli occhi,Mozart,Italian,Le nozze di Figaro,Baritone,Filene,2019
2,Come Paride vezzoso,Donizetti,Italian,L'elisir d'amore ,Baritone,Filene,2019
2,J'ai perdu ta photo,Puts,French,Silent Night,Baritone,Filene,2019
2,Schaunard's Aria,Puccini,Italian,La bohème,Baritone,Filene,2019
2,Vision fugitive,Massenet,French,Herodiade,Baritone,Filene,2019
2,Within this frail crucible of light,Britten,English,The Rape of Lucretia,Baritone,Filene,2019
2,"Vien, Leonora",Donizetti,Italian ,La favorita,Baritone,Filene,2019
1,A hundred thousand stars,Heggie,English,Out of Darkness,Baritone,Filene,2019
1,A woman is a sometime thing,Gershwin,English,Porgy and Bess,Baritone,Filene,2019
1,"Ah, qu'on daigne du moins…",Rameau,French,Hippolyte et Aricie,Baritone,Filene,2019
1,Ah! che zucconi,Puccini,Italian,Gianni Schicchi,Baritone,Filene,2019
1,Batter my heart,Adams,English,Doctor Atomic,Baritone,Filene,2019
1,"Cortigianni, vil razza dannata",Verdi,Italian,Rigoletto,Baritone,Filene,2019
1,Di Provenza,Verdi,Italian,La traviata,Baritone,Filene,2019
1,Do you know the Land?,Adamo,English,Little Women,Baritone,Filene,2019
1,"Donne mie, la fate a tanti",Mozart,Italian,Così fan tutte,Baritone,Filene,2019
1,Dormo ancora,Monteverdi,Italian,Il ritorno d'Ulisse in patria ,Baritone,Filene,2019
1,"Dreams, fantasy...",Cipullo,English,Lucy,Baritone,Filene,2019
1,Each day I write you four little lines,Heggie,English,Three Decembers,Baritone,Filene,2019
1,Fin ch´han dal vino,Mozart,Italian,Don Giovanni,Baritone,Filene,2019
1,I got a marble and a star,Weill,English ,Street Scene,Baritone,Filene,2019
1,If she be innocent!,Ward,English,The Crucible,Baritone,Filene,2019
1,Il balen,Verdi,Italian,Il trovatore,Baritone,Filene,2019
1,In praise of women,Sondheim,English,A Little Night Music,Baritone,Filene,2019
1,Io morrò ma lieto in core,Verdi,Italian,Don Carlo,Baritone,Filene,2019
1,"Je peux vous le dire, maint'nant...",Puts,French ,Silent Night,Baritone,Filene,2019
1,"L'onore, ladri",Verdi,Italian,Falstaff,Baritone,Filene,2019
1,Lawd Jesus heah my prayer,Gruenberg,English,Emperor Jones,Baritone,Filene,2019
1,Nemico della patria,Giordano,Italian,Andrea Chénier,Baritone,Filene,2019
1,Non siate ritrosi,Mozart,Italian,Così fan tutte,Baritone,Filene,2019
1,Nulla...Silenzio!,Puccini ,Italian ,Il tabarro ,Baritone,Filene,2019
1,Números,Martinez,Spanish,Cruzar la cara de la luna,Baritone,Filene,2019
1,O Carlo ascolta,Verdi,Italian,Don Carlo,Baritone,Filene,2019
1,O Lisbonne,Donizetti,French,Dom Sebastien,Baritone,Filene,2019
1,O Maria,Tchaikovsky,Russian,Mazeppa,Baritone,Filene,2019
1,O Monumento,Puccini,Italian,Gioconda,Baritone,Filene,2019
1,"O Tixo, Tixo, help me!",Weill,English,Lost in the Stars,Baritone,Filene,2019
1,"O, Lisbona",Donizetti,Italian,Don Sebastiano,Baritone,Filene,2019
1,Quando la fama altera,Rossini,Italian,La gazzetta,Baritone,Filene,2019
1,"Riez, allez",Massenet,French,Don Quichotte,Baritone,Filene,2019
1,The Car Aria,Picker,English,An American Tragedy,Baritone,Filene,2019
1,Tickling a trout,Britten,English,Albert Herring,Baritone,Filene,2019
1,Tom Joad's Aria ,Gordon,English,Grapes of Wrath,Baritone,Filene,2019
1,Two Marines,Little,English,Solider Songs,Baritone,Filene,2019
22,Hai già vinta la causa,Mozart,Italian,Le Nozze di Figaro,Baritone,Studio,2019
14,"Lieben, Hassen, Hoffen, Zagen",Strauss,German,Ariadne auf Naxos,Baritone,Studio,2019
11,"Mein Sehnen, mein Wähnen",Korngold,German,Die Tote Stadt,Baritone,Studio,2019
8,Avant de quitter ces lieux,Gounod,French,Faust,Baritone,Studio,2019
6,Bella siccome un angelo,Donizetti,Italian,Don Pasquale,Baritone,Studio,2019
6,Look! Through the port,Britten,English,Billy Budd,Baritone,Studio,2019
5,Ah! per sempre,Mozart,Italian,I Puritani,Baritone,Studio,2019
5,Largo al factotum,Rossini,Italian,The Barber of Seville,Baritone,Studio,2019
4,Come un'ape ne giorni d'aprile,Rossini,Italian,La Cenerentola,Baritone,Studio,2019
4,"Mab, la reine des mensonges",Gounod,French,Roméo et Juliette,Baritone,Studio,2019
4,O du mein holder Abendstern,Wagner,German,Tannhauser,Baritone,Studio,2019
4,O vin dissipe la tristesse,Thomas,French,Hamlet,Baritone,Studio,2019
4,Papageno's Suicide Aria,Mozart,German,Die Zauberflote,Baritone,Studio,2019
4,Sois immobile,Rossini,French,Guillame Tell,Baritone,Studio,2019
4,Tickling a trout,Britten,English,Albert Herring,Baritone,Studio,2019
3,A warm night,Heggie,English,Dead Man Walking,Baritone,Studio,2019
3,Come Paride vezzoso,Donizetti,Italian,L'elisir d'amore,Baritone,Studio,2019
3,Donne mie ,Mozart,Italian ,Cosi Fan Tutte ,Baritone,Studio,2019
3,È sogno,Verdi,Italian,Falstaff,Baritone,Studio,2019
3,Starbuck's Aria,Heggie,English,Moby Dick,Baritone,Studio,2019
3,Vision fugitive,Massenet,French,Hérodiade,Baritone,Studio,2019
3,Warm as the autumn light,Moore,English,The Ballad of Baby Doe,Baritone,Studio,2019
3,When the air sings of aummer,Menotti,English,The Old Maid and the Thief,Baritone,Studio,2019
2,A quoi bon l'economie,Massenet,French,Manon,Baritone,Studio,2019
2,A woman is a sometime thing,Gershwin,English,Porgy and Bess,Baritone,Studio,2019
2,E fra quest'ansie,Leoncavallo,Italian,I Pagliacci,Baritone,Studio,2019
2,Io morrò,Verdi,Italian,Don Carlo,Baritone,Studio,2019
2,Kogda by zhizn domashnim krugom,Tchaikovsky,Russian,Eugene Onegin,Baritone,Studio,2019
2,Per me giunto,Verdi,Italian,Don Carlos,Baritone,Studio,2019
2,Questo amor ,Puccini ,Italian ,Edgar ,Baritone,Studio,2019
2,Se vuol ballare,Mozart,Italian,Le Nozze di Figaro,Baritone,Studio,2019
2,Sibilar gli angui d'Aletto,Handel,Italian ,Rinaldo ,Baritone,Studio,2019
2,Within this frail crucible of light,Britten,English,The Rape of Lucretia,Baritone,Studio,2019
2,Ya vas lyublyu,Tchaikovsky,Russian,Queen of Spades,Baritone,Studio,2019
1,A Hundred Thousand Stars,Heggie,English,Out of Darkness,Baritone,Studio,2019
1,Aprite un po' quegli occhi,Mozart,Italian,Le Nozze di Figaro,Baritone,Studio,2019
1,"Come, Master",Stravinsky,English,The Rake’s Progress,Baritone,Studio,2019
1,Ehi paggio,Verdi,Italian,Falstaff,Baritone,Studio,2019
1,Eri tu,Verdi,Italian,Un Ballo in Maschera,Baritone,Studio,2019
1,Fleurissait une rose,Massenet,French,Le jongleur de Notre-Dame,Baritone,Studio,2019
1,For ev'ry love there is a last farewell,Barber,English,Vanessa,Baritone,Studio,2019
1,Kennst du das Land,Adamo,German/English,Little Women,Baritone,Studio,2019
1,"Oh woman, you may keep the gold",Menotti,English,Amahl and the night-visitors,Baritone,Studio,2019
1,Rivolgete a lui lo squardo,Mozart,Italian ,Così fan tutte,Baritone,Studio,2019
1,Si può ,Leoncavallo,Italian,I Pagliacci,Baritone,Studio,2019
1,"Si, corre dal nataio",Puccini,Italian ,Gianni Schicchi ,Baritone,Studio,2019
1,Sogni d'amore,Gomes,Italian,Lo Schiavo,Baritone,Studio,2019
1,Soliloquy,Rodgers,English ,Carousel,Baritone,Studio,2019
1,"Solitaire sur ma terrasse, je pense a toi",Massenet,French,Cléopâtre,Baritone,Studio,2019
1,Something we play,Bates,English,The (R)evolution of Steve Jobs,Baritone,Studio,2019
1,The Congregation Aria ,Cipullo,English ,Glory Denied ,Baritone,Studio,2019
1,There was a knight,Adamo,English,Little Women,Baritone,Studio,2019
1,There's a law ,Bernstein,English,Trouble in Tahiti,Baritone,Studio,2019
1,Tirannia gli diedi Il regno,Handel,Italian,Rodelinda,Baritone,Studio,2019
1,To America I sailed ,Bolcolm,English,A View From the Bridge,Baritone,Studio,2019
1,Votre toast,Bizet,French,Carmen ,Baritone,Studio,2019
12,"Madamina, il catalogo è questo",Mozart,Italian,Don Giovanni,Bass,Filene,2019
11,Vous qui faites l'endormie,Gounod,French,Faust,Bass,Filene,2019
8,La calunnia,Rossini,Italian,Il barbiere di Siviglia,Bass,Filene,2019
8,Ves' tabar spit,Rachmaninoff,Russian,Aleko,Bass,Filene,2019
7,Vecchia zimarra,Puccini,Italian,La bohème,Bass,Filene,2019
6,Come Master…,Stravinsky,English,The Rake's Progress,Bass,Filene,2019
6,O Isis und Osiris,Mozart,German,Die Zauberflöte,Bass,Filene,2019
6,Se vuol ballare,Mozart,italian,Le nozze di Figaro,Bass,Filene,2019
6,Sorge infausta,Handel,Italian,Orlando,Bass,Filene,2019
6,"When my cue comes, call me",Britten,English,A Midsummer Night's Dream,Bass,Filene,2019
5,Aprite un po' quegl'occhi,Mozart,Italian,Le nozze di Figaro ,Bass,Filene,2019
5,"Hear me, O Lord",Floyd,English,Susannah,Bass,Filene,2019
5,Vi ravviso,Bellini,Italian,La sonnambula,Bass,Filene,2019
4,Come dal ciel precipita,Verdi,Italian,Macbeth,Bass,Filene,2019
4,Deh! ti ferma ti placa,Rossini,Italian,Semiramide,Bass,Filene,2019
4,Il lacerato spirito,Verdi,Italian,Simon Boccanegra,Bass,Filene,2019
4,La vendetta,Mozart,Italian,Le nozze di Figaro,Bass,Filene,2019
4,Quand la flamme de l'amour,Bizet,French,La jolie fille de Perth,Bass,Filene,2019
3,"Arise, ye subterranean winds",Purcell,English,The Tempest,Bass,Filene,2019
3,"I'm a lonely man, Susannah",Floyd,English,Susannah,Bass,Filene,2019
3,Let things be like they always was,Weill,English,Street Scene,Bass,Filene,2019
3,Lyubvi fse vozrastï pokornï,Tchaikovsky,Russian,Eugene Onegin,Bass,Filene,2019
3,O du mein holder Abendstern,Wagner,German,Tannhäuser,Bass,Filene,2019
3,Papageno's Suicide,Mozart,German,Magic Flute,Bass,Filene,2019
3,Riez allez riez!,Massenet,French,Don Quichotte,Bass,Filene,2019
3,Votre toast,Bizet,French,Carmen,Bass,Filene,2019
2,"Gaspot'moj, jesli greshen ja",Tchaikovsky,Russian,Iolanta,Bass,Filene,2019
2,Infelice! e tu credevi,Verdi,Italian,Ernani,Bass,Filene,2019
2,Mein Herr und Gott,Wagner,German,Lohengrin,Bass,Filene,2019
2,Non più andrai farfallone amoroso,Mozart,Italian,Le nozze di Figaro ,Bass,Filene,2019
2,"O beauty, O handsomeness, goodness ",Britten,English,Billy Budd,Bass,Filene,2019
2,Schweig' Schweig',Weber,German ,Der Freischütz,Bass,Filene,2019
2,"Scintille, diamant",Offenbach,French,Les contes d'Hoffmann,Bass,Filene,2019
2,Udite o Rustici,Donizetti,Italian,L'elisir d'amore,Bass,Filene,2019
2,Within this frail crucible of light,Britten,English,The Rape of Lucretia,Bass,Filene,2019
1,Abendlich strahlt der Sonne Auge,Wagner,German,Das Rheingold,Bass,Filene,2019
1,"Ah, poor Michele",Menotti,English,The Saint of Bleecker Street,Bass,Filene,2019
1,Air du Tambour-Major,Thomas,French,Le Caïd,Bass,Filene,2019
1,All'erta!... Di due figli...,Verdi,Italian,Il trovatore,Bass,Filene,2019
1,Als Büblein klein,Nicolai,German,Die lustigen Weiber von Windsor,Bass,Filene,2019
1,Cade dal ciglio il velo,Rossini,Italian,Mosè in Egitto,Bass,Filene,2019
1,Certain rat dans une cuisine,Berlioz,French,Le damnation de Faust,Bass,Filene,2019
1,Deh vieni alla finestra,Mozart,Italian,Don Giovanni,Bass,Filene,2019
1,Elisha's Aria,Mack,English,Roscoe,Bass,Filene,2019
1,Elle ne m'aime pas,Verdi,French,Don Carlos,Bass,Filene,2019
1,Épouse quelque brave fille,Massenet,French,Manon,Bass,Filene,2019
1,"Et toi, Palerme",Verdi,French,Les vêpres Siciliennes,Bass,Filene,2019
1,Every month I find her here,Musto,English,Bastianello,Bass,Filene,2019
1,Fafner's Death,Wagner,German,Siegfried,Bass,Filene,2019
1,Ha! welch ein Augenblick,Beethoven,German,Fidelio,Bass,Filene,2019
1,Ho capito,Mozart,Italian,Don Giovanni,Bass,Filene,2019
1,I am curious yellow,Daugherty,English,Jackie-O,Bass,Filene,2019
1,I burn! I freeze!,Stravinski,English,The Rake's Progress,Bass,Filene,2019
1,I wish I could sleep,Bernstein,English,A Quiet Place,Bass,Filene,2019
1,Je t'implore,Thomas,French,Hamlet,Bass,Filene,2019
1,Kennst du das Land,Adamo,German/English,Little Women,Bass,Filene,2019
1,"L'onore, ladri",Verdi,Italian,Falstaff,Bass,Filene,2019
1,La del ciel,Rossini,Italian,La cenerentola,Bass,Filene,2019
1,"Lakmé, ton doux regard se voile ",Delibes,French,Lakmé,Bass,Filene,2019
1,Le veau d'or,Gounod,French,Faust,Bass,Filene,2019
1,Look! Through the port,Britten,English,Billy Budd,Bass,Filene,2019
1,Mentre gonfiarsi l'anima,Verdi,Italian,Attila,Bass,Filene,2019
1,O jours heureux,Meyerbeer,French,L'étoile du Nord,Bass,Filene,2019
1,Ò vin dissipe la tristesse,Thomas,French,Hamlet,Bass,Filene,2019
1,Que les songes heureux,Gounod,French,Philemon et Baucis,Bass,Filene,2019
1,Si corre dal notaio,Puccini,Italian,Gianni Schicchi,Bass,Filene,2019
1,Si tra i ceppi,Handel,Italian,Berenice,Bass,Filene,2019
1,Sia qualunque delle figlie,Rossini,Italian,Cenerentola,Bass,Filene,2019
1,Sibilar gli angui d'Aletto,Handel,Italian,Rinaldo,Bass,Filene,2019
1,Sois immobile,Rossini,French,William Tell,Bass,Filene,2019
1,Song of the Varangian Guest (O Skaly Grozny),Rimsky-Korsakov,Russian,Sadko,Bass,Filene,2019
1,The Songs of the Slave,Kirk Mechem,English,John Brown,Bass,Filene,2019
1,Vado in traccia d'una zingara,Rossini,Italian,Il turco in Italia,Bass,Filene,2019
1,Vieni la mia vendetta,Donizetti,Italian ,Lucrezia Borgia,Bass,Filene,2019
1,Wie schön ist doch die Music,Strauss,German,Die Schweigsame Frau,Bass,Filene,2019
1,Wohl wusst ich hier...,Wagner,German,Tannhäuser,Bass,Filene,2019
5,Vecchia zimarra,Puccini,Italian,La boheme,Bass,Studio,2019
4,Hear me O Lord,Floyd,English,Susannah,Bass,Studio,2019
4,Il lacerato spirito,Verdi,Italian,Simon Boccanegra,Bass,Studio,2019
4,"Madamina, il catalogo è questo",Mozart,Italian,Don Giovanni,Bass,Studio,2019
4,O du mein holder Abendstern,Wagner,German,Tannhäuser,Bass,Studio,2019
4,O Isis und Osiris,Mozart,German,Die Zauberflöte,Bass,Studio,2019
3,"Arise, ye subterranean winds",Purcell,English,The Tempest,Bass,Studio,2019
3,"I'm a lonely man, Susannah",Floyd,English,Susannah,Bass,Studio,2019
3,"O, wie will ich triumphieren",Mozart,German,Die Entführung aus dem Serail,Bass,Studio,2019
3,Quand la flamme de l'amour,Bizet,French,La jole fille de perth,Bass,Studio,2019
3,Vous qui faites l'endormie,Gounod,French,Faust,Bass,Studio,2019
3,"When my cue comes, call me",Britten,English,A Midsummer Night's Dream,Bass,Studio,2019
2,Non piu andrai,Mozart,Italian,Le nozze di Figaro,Bass,Studio,2019
2,"O, tu Palermo",Verdi,Italian,I Vespri Italiani ,Bass,Studio,2019
2,Vi ravviso,Bellini,Italian,La Sonnambula,Bass,Studio,2019
2,Wie Schön ist doch die Musik,Strauss,German,Die Schweigsame Frau,Bass,Studio,2019
1,"Ach, vir armen Leute!",Humperdinck,German,Hansel and Gretel,Bass,Studio,2019
1,Aprite un po' quegli occhi,Mozart,Italian,Le nozze di Figaro,Bass,Studio,2019
1,"Come, Master",Stravinsky,English,The Rake's Progress,Bass,Studio,2019
1,Deh! ti ferma,Rossini,Italian,Semiramide,Bass,Studio,2019
1,Ecco la sconsolata donna,Monteverdi,Italian,L'incoronazione di Poppea,Bass,Studio,2019
1,Empio diro tu sei,Handel,Italian,Giulio Cesare,Bass,Studio,2019
1,Épouse quelque brave fille,Massenet,French ,Manon,Bass,Studio,2019
1,Hat man nicht auch Gold beineben,Beethoven,German,Fidelio,Bass,Studio,2019
1,Il mio piano è preparato,Rossini,Italian,La Gazza Ladra,Bass,Studio,2019
1,In diesen heil'gen Hallen,Mozart,Geman,Die Zauberflote,Bass,Studio,2019
1,La vendetta,Mozart,Italian,Le nozze di Figaro,Bass,Studio,2019
1,"O beauty, o handsomeness, o goodness",Britten,English,Billy Budd,Bass,Studio,2019
1,"O Tixo, Tixo Help Me",Weill,English,Lost in the Stars,Bass,Studio,2019
1,O tu ch'innanzi morte,Monteverdi,Italian,Orfeo,Bass,Studio,2019
1,Our revels now are ended,Hoiby,English,The Tempest,Bass,Studio,2019
1,Papageno's Suicide Aria,Mozart,German,Die Zauberflöte,Bass,Studio,2019
1,Que les songes heureux,Gounod,French,Philémon et Baucis,Bass,Studio,2019
1,"Riez, allez",Massenet,French,Don Quichotte,Bass,Studio,2019
1,Se vuol ballare,Mozart,Italian,Le nozze di Figaro,Bass,Studio,2019
1,Si la rigueur,Halévy,French,La Juive,Bass,Studio,2019
1,Si tra i ceppi ,Handel,Italian ,Berenice,Bass,Studio,2019
1,Sois immobile,Rossini,French,Guillaume Tell,Bass,Studio,2019
1,Solche hergelauf'ne Laffen,Mozart,German,Die Entfürung aus dem Serail,Bass,Studio,2019
1,Sorge infausta,Handel,Italian,Orlando,Bass,Studio,2019
1,Ves' tabar spit,Rachmaninoff,Russian,Aleko,Bass,Studio,2019
1,Voici des roses,Berlioz,French,La damnation de Faust,Bass,Studio,2019
1,Voli colla sua tromba,Handel,Italian,Ariodante,Bass,Studio,2019
1,Votre toast,Bizet,French,Carmen,Bass,Studio,2019
1,Warm as the autumn light,Moore,English,The Ballad of Baby Doe,Bass,Studio,2019